Date,Open,High,Low,Close,Adj Close,Volume
2013-10-16,27.500000,30.500000,27.500000,29.590000,26.762255,806879104
2013-10-17,29.500000,29.900000,29.100000,29.309999,26.509018,12694369
2013-10-18,29.420000,29.590000,29.120001,29.250000,26.454752,6486160
2013-10-21,29.250000,29.299999,29.080000,29.150000,26.364311,8942747
2013-10-22,29.230000,29.500000,28.910000,29.480000,26.662771,19074528
2013-10-23,29.580000,29.580000,29.100000,29.190001,26.400486,9136585
2013-10-24,29.200001,29.200001,28.809999,28.969999,26.201508,5747809
2013-10-25,29.200001,29.200001,28.889999,28.920000,26.156286,5795202
2013-10-28,29.150000,29.450001,28.750000,28.879999,26.120111,2154551
2013-10-29,28.850000,29.170000,28.799999,29.070000,26.291956,10644312
2013-10-30,29.100000,29.110001,28.889999,28.950001,26.183420,4630540
2013-10-31,28.900000,29.049999,27.500000,28.980000,26.210554,68244516
2013-11-01,29.000000,30.090000,29.000000,29.950001,27.087856,3617962
2013-11-04,29.950001,30.200001,29.600000,29.889999,27.033590,3533401
2013-11-05,29.900000,29.980000,29.570000,29.670000,26.949572,3159251
2013-11-06,29.700001,29.950001,29.580000,29.889999,27.149399,2507391
2013-11-07,29.940001,30.000000,29.500000,29.799999,27.067652,2868660
2013-11-08,29.500000,29.700001,28.799999,29.010000,26.350088,2021278
2013-11-11,29.010000,29.500000,29.010000,29.309999,26.622581,664326
2013-11-12,29.309999,29.450001,29.059999,29.370001,26.677082,1006655
2013-11-13,29.450001,29.450001,29.000000,29.150000,26.477249,1228214
2013-11-14,29.180000,29.900000,29.000000,29.540001,26.831495,2333370
2013-11-15,29.740000,29.740000,29.000000,29.170000,26.495417,1557639
2013-11-19,29.190001,29.370001,29.010000,29.170000,26.495417,557578
2013-11-20,29.290001,29.500000,28.889999,29.010000,26.350088,1544414
2013-11-21,29.270000,29.270000,28.610001,28.900000,26.250175,1874788
2013-11-22,28.900000,29.190001,28.600000,29.100000,26.431835,1267890
2013-11-25,29.260000,29.570000,28.900000,29.100000,26.431835,3583654
2013-11-26,29.270000,29.290001,28.900000,29.000000,26.341007,631674
2013-11-27,29.000000,29.200001,28.910000,28.990000,26.331924,2841099
2013-11-28,29.110001,29.110001,28.709999,28.950001,26.295593,1133886
2013-11-29,29.000000,29.250000,28.809999,29.090000,26.422752,1016264
2013-12-02,29.000000,29.000000,28.350000,28.870001,26.222923,847061
2013-12-03,28.530001,29.000000,28.530001,28.820000,26.177509,5446775
2013-12-04,28.990000,29.070000,28.400000,29.010000,26.350088,761697
2013-12-05,29.100000,29.100000,28.610001,28.750000,26.113926,707433
2013-12-06,28.930000,29.000000,28.600000,28.809999,26.168423,1092802
2013-12-09,28.809999,29.000000,28.780001,28.900000,26.250175,288266
2013-12-10,28.900000,29.000000,28.750000,28.889999,26.241087,1691285
2013-12-11,28.900000,29.000000,28.620001,28.900000,26.250175,799172
2013-12-13,28.610001,29.000000,28.549999,28.700001,26.068516,1710158
2013-12-16,28.990000,29.000000,28.500000,28.950001,26.295593,1684210
2013-12-17,28.530001,28.889999,28.530001,28.650000,26.489756,1001687
2013-12-18,28.650000,28.850000,28.590000,28.760000,26.591461,1141220
2013-12-19,28.760000,28.860001,28.389999,28.530001,26.378798,2336971
2013-12-20,28.700001,29.000000,28.250000,28.650000,26.489756,9586866
2013-12-23,28.709999,28.799999,28.400000,28.610001,26.452766,17984683
2013-12-26,28.750000,28.830000,28.430000,28.680000,26.517492,2117489
2013-12-27,28.799999,28.980000,28.559999,28.719999,26.554476,3355886
2013-12-30,28.750000,28.959999,28.600000,28.940001,26.757889,9924237
2014-01-02,28.930000,28.980000,28.830000,28.900000,26.720909,7486882
2014-01-03,28.950001,29.250000,28.930000,29.150000,26.952055,1878602
2014-01-06,29.049999,29.490000,28.940001,29.190001,26.989040,1735072
2014-01-07,29.330000,29.490000,28.610001,28.790001,26.619200,1324220
2014-01-08,28.790001,28.940001,28.639999,28.799999,26.628445,1830060
2014-01-09,28.940001,28.940001,28.350000,28.510000,26.360310,626176
2014-01-10,28.530001,28.940001,28.389999,28.870001,26.693167,1811276
2014-01-13,28.940001,28.959999,28.500000,28.790001,26.619200,4647728
2014-01-14,28.930000,28.930000,28.600000,28.799999,26.628445,695250
2014-01-15,28.900000,28.969999,28.709999,28.850000,26.674673,990235
2014-01-16,28.719999,28.980000,28.600000,28.790001,26.619200,1202853
2014-01-17,28.790001,28.799999,28.600000,28.740000,26.572971,315532
2014-01-20,28.799999,28.980000,28.700001,28.879999,26.702412,536176
2014-01-21,28.870001,28.870001,28.379999,28.450001,26.304836,850473
2014-01-22,28.490000,28.500000,28.120001,28.400000,26.258602,1661267
2014-01-23,28.100000,28.680000,28.100000,28.330000,26.193882,2666382
2014-01-24,28.330000,28.330000,27.610001,28.010000,25.898008,2691998
2014-01-27,28.190001,28.200001,27.549999,27.780001,25.685354,2175088
2014-01-28,28.700001,28.700001,27.750000,28.000000,25.888763,1335667
2014-01-29,28.250000,28.250000,27.510000,27.850000,25.750074,2516621
2014-01-30,27.799999,28.620001,27.530001,28.469999,26.323322,2041395
2014-01-31,28.299999,28.639999,27.750000,28.500000,26.351065,1078811
2014-02-04,28.500000,28.500000,27.809999,28.299999,26.166143,3753902
2014-02-05,28.299999,28.520000,27.620001,27.830000,25.731586,4353039
2014-02-06,27.990000,28.059999,27.600000,27.770000,25.676111,2483827
2014-02-07,27.799999,28.200001,27.799999,28.190001,26.064442,933193
2014-02-10,28.190001,28.400000,27.740000,27.959999,25.851784,1054510
2014-02-11,28.200001,28.200001,27.350000,27.740000,25.648371,3480442
2014-02-12,27.879999,28.290001,27.090000,28.080000,25.962732,1955922
2014-02-13,27.760000,28.000000,27.709999,27.990000,25.879520,1030057
2014-02-14,28.110001,28.299999,27.820000,27.959999,25.851784,485833
2014-02-17,28.090000,28.309999,27.950001,28.270000,26.138407,67449
2014-02-18,28.400000,29.000000,28.129999,28.889999,26.711658,2232030
2014-02-19,28.790001,28.870001,27.889999,27.990000,25.879520,2337005
2014-02-20,28.000000,28.900000,28.000000,28.750000,26.582218,2443529
2014-02-21,28.900000,28.930000,28.070000,28.590000,26.434278,1227555
2014-02-24,28.750000,28.900000,28.360001,28.510000,26.360310,637924
2014-02-25,28.740000,28.740000,28.150000,28.410000,26.267847,834782
2014-02-26,28.799999,28.799999,27.700001,27.809999,25.713089,976494
2014-02-27,27.809999,28.469999,27.610001,27.990000,25.879520,2090208
2014-02-28,28.139999,28.200001,27.520000,27.780001,25.685354,1103981
2014-03-03,28.090000,28.090000,27.639999,27.770000,25.676111,2314320
2014-03-04,27.690001,28.440001,27.180000,27.770000,25.676111,1850919
2014-03-05,28.000000,28.200001,27.770000,27.990000,25.879520,705660
2014-03-06,28.450001,28.690001,27.990000,28.190001,26.064442,453730
2014-03-07,28.389999,28.400000,27.809999,28.139999,26.018208,1283119
2014-03-10,28.020000,28.129999,27.610001,27.780001,25.685354,370191
2014-03-11,27.610001,27.860001,27.459999,27.600000,25.518927,1126228
2014-03-12,28.000000,28.000000,27.400000,27.559999,25.481939,189457
2014-03-13,27.629999,27.629999,26.799999,26.990000,24.954918,2695670
2014-03-14,26.889999,27.090000,26.150000,26.340000,24.353933,5232839
2014-03-18,26.410000,27.000000,26.360001,26.650000,24.640554,1431379
2014-03-19,27.000000,27.000000,26.200001,26.450001,24.455641,2778381
2014-03-20,26.309999,27.219999,26.309999,27.030001,24.991899,5445867
2014-03-21,27.170000,27.700001,26.969999,27.080000,25.038137,706726
2014-03-24,27.250000,27.650000,26.799999,26.969999,24.936428,946059
2014-03-25,27.219999,27.700001,27.150000,27.559999,25.481939,1359302
2014-03-26,27.670000,27.889999,27.270000,27.590000,25.509678,1906995
2014-03-27,27.620001,27.620001,27.320000,27.389999,25.324760,773023
2014-03-28,27.400000,27.400000,27.129999,27.219999,25.167580,2136014
2014-03-31,27.219999,27.500000,27.000000,27.170000,25.121347,1261643
2014-04-01,27.170000,27.530001,27.160000,27.290001,25.232302,1061532
2014-04-02,27.320000,27.320000,27.100000,27.190001,25.139839,1136161
2014-04-03,27.190001,27.440001,27.010000,27.200001,25.149086,6163064
2014-04-04,27.320000,28.000000,27.320000,27.590000,25.509678,12365136
2014-04-07,27.840000,27.900000,27.280001,27.389999,25.324760,9311816
2014-04-08,27.490000,27.750000,27.160000,27.500000,25.426468,1670078
2014-04-09,27.490000,27.660000,27.250000,27.280001,25.223053,4655186
2014-04-10,27.450001,27.740000,27.389999,27.500000,25.426468,6097882
2014-04-11,27.500000,27.790001,27.299999,27.600000,25.518927,5686060
2014-04-14,27.770000,28.040001,27.690001,27.920000,25.814798,1733228
2014-04-15,27.900000,28.000000,27.620001,27.930000,25.824043,1188292
2014-04-16,28.000000,28.490000,27.510000,28.270000,26.138407,1757133
2014-04-21,28.270000,28.799999,28.120001,28.709999,26.545235,1219354
2014-04-22,28.740000,29.389999,28.740000,29.110001,26.915070,3609176
2014-04-23,29.110001,29.110001,28.410000,29.000000,26.813366,4642976
2014-04-24,29.090000,29.090000,28.600000,28.959999,26.776381,754104
2014-04-25,28.660000,29.000000,28.660000,28.959999,26.776381,2766897
2014-04-28,29.000000,29.080000,28.809999,29.000000,26.813366,1468716
2014-04-29,29.100000,30.000000,29.010000,29.709999,27.469830,1681209
2014-04-30,29.719999,30.500000,29.510000,30.299999,28.015339,4160504
2014-05-02,30.299999,30.510000,29.620001,29.900000,27.645498,2839920
2014-05-05,29.700001,30.450001,29.580000,29.950001,27.691734,779328
2014-05-06,29.950001,30.490000,29.910000,30.030001,27.765699,1906539
2014-05-07,30.170000,30.500000,29.990000,30.340000,28.052328,3261476
2014-05-08,30.500000,30.940001,30.270000,30.610001,28.301970,3020709
2014-05-09,30.600000,30.950001,30.559999,30.690001,28.375938,1331923
2014-05-12,30.740000,30.790001,30.480000,30.660000,28.348196,888726
2014-05-13,30.740000,30.760000,30.500000,30.650000,28.338953,1856120
2014-05-14,30.629999,31.379999,30.490000,31.139999,28.792002,6004280
2014-05-15,31.600000,31.959999,30.799999,31.020000,28.681053,7187568
2014-05-16,31.150000,31.780001,31.120001,31.549999,29.171093,5201777
2014-05-19,31.639999,31.639999,30.790001,31.350000,28.986168,3798543
2014-05-20,31.450001,31.500000,31.110001,31.320000,28.958433,3218571
2014-05-21,31.379999,31.959999,31.309999,31.660000,29.272791,3988025
2014-05-22,31.500000,32.349998,31.500000,32.200001,29.772079,4923672
2014-05-23,32.299999,32.490002,31.820000,32.259998,29.827555,4948153
2014-05-26,32.380001,32.689999,32.029999,32.480000,30.030968,1938257
2014-05-27,32.639999,32.990002,32.410000,32.730000,30.262119,4567874
2014-05-28,32.790001,32.790001,32.189999,32.270000,29.836803,9096437
2014-05-29,32.220001,32.439999,31.299999,31.440001,29.069386,7521706
2014-05-30,31.590000,32.520000,31.590000,32.369999,29.929262,73907250
2014-06-02,32.380001,33.099998,32.380001,32.680000,30.215887,4405959
2014-06-03,32.680000,32.869999,32.160000,32.470001,30.021725,14265771
2014-06-04,32.509998,32.900002,32.400002,32.730000,30.262119,4778526
2014-06-05,32.509998,33.919998,32.509998,33.130001,30.631954,5970071
2014-06-06,33.400002,33.860001,33.400002,33.639999,31.103493,6278413
2014-06-09,33.689999,34.400002,33.590000,34.139999,31.565804,5608268
2014-06-10,34.189999,34.259998,33.060001,34.080002,31.510324,4136655
2014-06-11,34.009998,34.599998,33.599998,34.439999,31.843180,2673563
2014-06-12,34.200001,34.599998,33.700001,34.389999,31.796949,4250773
2014-06-13,34.880001,34.880001,33.360001,33.509998,30.983303,2178135
2014-06-16,33.470001,34.299999,33.470001,34.049999,31.482586,3590002
2014-06-17,34.000000,34.330002,33.599998,33.930000,31.371635,4479626
2014-06-18,33.990002,34.389999,33.700001,34.090000,31.519566,2771403
2014-06-19,34.250000,34.389999,33.990002,34.330002,31.741482,1796669
2014-06-20,34.380001,35.000000,34.299999,34.779999,32.157543,11012862
2014-06-23,34.820000,36.000000,34.430000,34.830002,32.203781,3351959
2014-06-24,34.840000,35.230000,34.060001,34.410000,31.815443,4866006
2014-06-25,34.430000,34.520000,33.660000,33.770000,31.223701,5243744
2014-06-26,34.189999,34.189999,33.650002,33.820000,31.269932,9684598
2014-06-27,34.130001,34.130001,33.209999,33.470001,30.946318,1955683
2014-06-30,33.799999,34.320000,33.200001,34.150002,31.575052,4887842
2014-07-01,34.349998,34.900002,34.009998,34.529999,31.926392,3664097
2014-07-02,34.450001,34.490002,33.860001,34.169998,31.593542,4413974
2014-07-03,34.099998,34.639999,33.810001,33.980000,31.417864,3667480
2014-07-04,34.139999,34.180000,33.849998,34.040001,31.473337,224343
2014-07-07,34.070000,34.180000,33.720001,34.150002,31.575052,6955775
2014-07-08,34.160000,34.290001,33.880001,34.240002,31.658260,3129317
2014-07-09,34.099998,34.299999,34.009998,34.279999,31.695253,1484161
2014-07-10,34.270000,34.270000,33.799999,33.889999,31.334646,2187076
2014-07-11,33.930000,34.230000,33.599998,34.130001,31.556549,1542877
2014-07-14,34.070000,35.290001,34.070000,34.950001,32.314724,3133764
2014-07-15,34.950001,34.950001,34.599998,34.810001,32.185287,1652608
2014-07-16,34.790001,34.900002,34.040001,34.150002,31.575052,1740765
2014-07-17,34.160000,34.680000,33.900002,34.070000,31.501076,1937477
2014-07-18,34.009998,34.480000,33.849998,34.389999,31.796949,2317570
2014-07-21,34.060001,34.480000,34.000000,34.070000,31.501076,991971
2014-07-22,34.099998,34.439999,34.000000,34.029999,31.464092,1565062
2014-07-23,33.700001,34.230000,33.700001,33.900002,31.343893,3362247
2014-07-24,33.849998,34.139999,33.849998,34.020000,31.454851,1353724
2014-07-25,34.000000,34.049999,33.810001,33.919998,31.362391,2187482
2014-07-28,33.919998,34.080002,33.860001,33.990002,31.427113,2380028
2014-07-29,34.150002,34.200001,33.799999,34.000000,31.436365,3194369
2014-07-30,34.189999,34.189999,33.750000,33.820000,31.269932,2634329
2014-07-31,34.020000,34.020000,33.509998,33.730000,31.186716,1592539
2014-08-01,33.730000,34.000000,33.310001,33.770000,31.223701,4675116
2014-08-04,33.599998,34.000000,33.599998,33.900002,31.343893,4110458
2014-08-05,33.980000,33.980000,33.240002,33.389999,30.872353,2658752
2014-08-06,33.410000,33.790001,33.389999,33.570000,31.038778,2713898
2014-08-07,33.200001,33.830002,33.200001,33.340000,30.826128,3503373
2014-08-08,33.279999,33.599998,32.860001,33.279999,30.770649,2770198
2014-08-11,33.560001,33.619999,33.259998,33.439999,30.918581,2999720
2014-08-12,33.680000,33.740002,33.169998,33.230000,30.724415,3069970
2014-08-13,33.490002,33.490002,32.849998,32.980000,30.493267,4104028
2014-08-14,33.180000,33.250000,32.360001,32.639999,30.178900,2942215
2014-08-15,32.700001,33.020000,32.650002,32.849998,30.373068,2428608
2014-08-18,33.110001,33.380001,33.020000,33.209999,30.705925,3116613
2014-08-19,33.299999,33.799999,33.099998,33.700001,31.158976,2950586
2014-08-20,33.810001,34.189999,33.410000,33.660000,31.121994,8945802
2014-08-21,33.599998,33.869999,33.160000,33.299999,30.789143,3446748
2014-08-22,33.560001,33.560001,33.169998,33.320000,30.807631,2109485
2014-08-25,33.560001,33.700001,33.060001,33.160000,30.659693,3873201
2014-08-26,33.049999,33.849998,33.049999,33.770000,31.223701,2663384
2014-08-27,33.549999,33.799999,33.549999,33.630001,31.094252,1631887
2014-08-28,33.549999,33.790001,33.119999,33.680000,31.140488,4088603
2014-08-29,33.849998,34.029999,33.689999,33.939999,31.380875,37278343
2014-09-01,33.689999,34.000000,33.529999,33.900002,31.343893,1542713
2014-09-02,33.939999,33.939999,33.200001,33.660000,31.121994,2059213
2014-09-03,33.599998,33.889999,33.410000,33.549999,31.020287,2780768
2014-09-04,33.790001,33.790001,33.400002,33.490002,30.964813,1602342
2014-09-05,33.259998,33.580002,32.990002,33.070000,30.576483,2700053
2014-09-08,33.099998,33.450001,33.099998,33.349998,30.835371,1299835
2014-09-09,33.369999,33.480000,32.910000,32.970001,30.484022,1741528
2014-09-10,33.099998,33.220001,32.849998,33.009998,30.521002,2548269
2014-09-11,32.900002,32.910000,32.450001,32.540001,30.086447,2364930
2014-09-12,32.770000,32.820000,31.709999,31.860001,29.457718,1529452
2014-09-15,32.009998,32.119999,31.280001,31.900000,29.494699,1661012
2014-09-17,32.099998,32.099998,30.980000,31.680000,29.291290,2542910
2014-09-18,31.680000,32.400002,31.510000,32.230000,29.799820,1807362
2014-09-19,32.340000,33.180000,32.330002,33.000000,30.511759,3802149
2014-09-22,33.000000,33.189999,32.040001,32.220001,29.790575,2135395
2014-09-23,32.160000,32.660000,32.130001,32.520000,30.067953,1647088
2014-09-24,32.299999,32.950001,32.270000,32.369999,29.929262,3957400
2014-09-25,32.389999,32.400002,31.500000,32.020000,29.605654,1721526
2014-09-26,31.820000,32.869999,31.530001,32.340000,29.901520,852110
2014-09-29,32.799999,33.250000,31.700001,33.049999,30.557987,914840
2014-09-30,32.730000,33.330002,32.080002,32.750000,30.280615,1289043
2014-10-01,32.750000,33.000000,32.529999,32.709999,30.243622,1423827
2014-10-02,32.709999,33.049999,32.549999,32.730000,30.262119,975551
2014-10-03,32.799999,33.150002,32.189999,32.720001,30.252869,1867206
2014-10-06,33.119999,33.450001,32.330002,32.790001,30.317589,659621
2014-10-07,32.980000,32.980000,32.200001,32.310001,29.873789,1487827
2014-10-08,32.599998,32.599998,32.000000,32.389999,29.947754,1309457
2014-10-09,32.830002,32.830002,31.440001,31.730000,29.337519,1069481
2014-10-10,31.500000,32.000000,31.100000,31.160000,28.810495,607723
2014-10-13,31.000000,31.750000,30.760000,31.530001,29.152599,1953054
2014-10-14,31.590000,31.740000,31.000000,31.430000,29.060137,1794586
2014-10-15,31.410000,31.420000,30.000000,30.840000,28.514627,1239045
2014-10-16,30.200001,31.389999,30.200001,30.650000,28.338953,1695963
2014-10-17,30.549999,30.990000,30.500000,30.760000,28.440659,903034
2014-10-20,30.820000,30.820000,30.309999,30.600000,28.292723,815380
2014-10-21,30.219999,30.799999,30.150000,30.299999,28.015339,1506119
2014-10-22,30.200001,30.690001,30.200001,30.370001,28.080063,815793
2014-10-23,30.639999,31.500000,30.510000,30.959999,28.625578,1124829
2014-10-24,31.000000,31.480000,30.840000,31.180000,28.828989,684357
2014-10-27,31.469999,31.469999,30.889999,31.260000,28.902956,427673
2014-10-28,31.260000,31.330000,30.200001,30.660000,28.348196,2194198
2014-10-29,30.600000,31.440001,30.320000,30.959999,28.625578,2268342
2014-10-30,31.110001,31.110001,30.260000,30.360001,28.070818,3482558
2014-10-31,30.780001,31.139999,30.490000,30.900000,28.570099,10124944
2014-11-03,31.120001,31.180000,30.510000,30.719999,28.403677,1679513
2014-11-04,30.870001,30.870001,30.260000,30.389999,28.098557,1087669
2014-11-05,30.410000,30.719999,30.260000,30.360001,28.070818,4518542
2014-11-06,30.209999,30.580000,29.900000,30.030001,27.765699,1612631
2014-11-07,30.030001,30.330000,29.910000,30.040001,27.774948,1657762
2014-11-10,29.790001,30.030001,29.500000,29.830000,27.580778,1544559
2014-11-11,29.980000,30.219999,29.719999,29.930000,27.673243,1162970
2014-11-12,30.180000,30.180000,29.049999,29.190001,26.989040,2018567
2014-11-13,29.400000,29.400000,28.200001,28.299999,26.166143,6406653
2014-11-14,28.389999,29.480000,28.309999,29.240000,27.035269,2068789
2014-11-18,29.219999,29.219999,28.129999,28.639999,26.480505,3047436
2014-11-19,28.639999,29.420000,28.600000,29.250000,27.044518,2423514
2014-11-20,29.840000,29.900000,29.000000,29.650000,27.414354,1091930
2014-11-21,29.790001,30.110001,29.280001,29.309999,27.099985,2264872
2014-11-24,29.459999,29.540001,29.299999,29.400000,27.183205,2507920
2014-11-25,29.500000,29.510000,28.500000,28.639999,26.480505,5000469
2014-11-26,28.639999,28.950001,28.360001,28.500000,26.351065,4762445
2014-11-27,28.940001,28.940001,28.549999,28.719999,26.554476,1905587
2014-11-28,28.799999,28.980000,28.410000,28.549999,26.397291,1125021
2014-12-01,28.879999,28.879999,28.120001,28.510000,26.360310,3605485
2014-12-02,28.910000,29.250000,28.000000,28.330000,26.193882,2002507
2014-12-03,28.870001,28.940001,28.150000,28.500000,26.351065,2961193
2014-12-04,28.889999,28.889999,28.320000,28.520000,26.369555,2358755
2014-12-05,28.900000,28.900000,28.320000,28.520000,26.369555,1824768
2014-12-08,28.600000,28.850000,28.480000,28.540001,26.388048,1988080
2014-12-09,28.500000,28.500000,28.000000,28.180000,26.055195,2084045
2014-12-10,28.320000,28.549999,27.000000,27.879999,25.777813,2458648
2014-12-11,27.500000,28.510000,27.450001,28.020000,25.907255,2066960
2014-12-15,28.020000,28.020000,27.030001,27.400000,25.334003,159459
2014-12-16,27.320000,27.340000,27.000000,27.040001,25.001150,3551348
2014-12-17,27.000000,28.280001,27.000000,27.520000,25.444958,2588065
2014-12-18,27.420000,28.650000,27.420000,28.379999,26.240112,1584630
2014-12-19,28.379999,28.740000,28.100000,28.350000,26.212372,3702550
2014-12-22,28.260000,29.639999,28.260000,29.469999,27.247927,1018840
2014-12-23,29.420000,29.959999,28.750000,29.290001,27.081493,871344
2014-12-24,29.290001,29.320000,28.580000,28.959999,26.776381,109951
2014-12-26,29.129999,29.360001,28.680000,28.809999,26.637690,189320
2014-12-29,28.850000,28.900000,28.440001,28.559999,26.406534,324938
2014-12-30,28.750000,28.750000,28.250000,28.420000,26.277100,341423
2014-12-31,28.500000,28.530001,28.299999,28.430000,26.286343,284876
2015-01-02,28.530001,28.740000,26.820000,27.600000,25.518927,1494400
2015-01-05,27.580000,27.580000,27.049999,27.209999,25.158335,1260764
2015-01-06,27.940001,28.410000,27.370001,28.240000,26.110668,1691228
2015-01-07,28.250000,28.650000,28.250000,28.510000,26.360310,758724
2015-01-08,28.549999,28.950001,28.459999,28.570000,26.415783,1218968
2015-01-09,28.299999,28.660000,27.940001,28.540001,26.388048,1057664
2015-01-12,28.770000,28.770000,28.020000,28.209999,26.082933,757013
2015-01-13,28.290001,28.639999,28.209999,28.340000,26.203127,874713
2015-01-14,28.190001,28.400000,27.870001,28.000000,25.888763,1024878
2015-01-15,28.370001,29.090000,27.510000,28.350000,26.212372,2037726
2015-01-16,28.330000,28.850000,28.160000,28.709999,26.545235,699693
2015-01-19,28.900000,29.000000,28.490000,28.680000,26.517492,441680
2015-01-20,28.410000,29.150000,28.410000,29.010000,26.822607,1281516
2015-01-21,29.010000,30.049999,28.700001,29.330000,27.118481,1662507
2015-01-22,29.879999,30.000000,29.120001,29.270000,27.063007,1706970
2015-01-23,29.250000,30.000000,29.209999,29.719999,27.479076,4066065
2015-01-26,29.700001,29.700001,29.299999,29.490000,27.266418,1746778
2015-01-27,29.299999,29.930000,29.100000,29.680000,27.442091,3660653
2015-01-28,29.330000,30.889999,29.330000,29.930000,27.673243,1538187
2015-01-29,29.920000,30.389999,29.450001,30.129999,27.858160,2009284
2015-01-30,29.549999,30.000000,28.809999,29.290001,27.081493,1606431
2015-02-03,29.500000,30.940001,29.290001,30.040001,27.774948,2314386
2015-02-04,29.889999,30.500000,28.799999,29.400000,27.183205,1934606
2015-02-05,29.660000,29.770000,29.000000,29.400000,27.183205,1360007
2015-02-06,29.600000,29.600000,28.990000,29.350000,27.136974,1119683
2015-02-09,29.500000,29.879999,28.879999,29.580000,27.349630,949694
2015-02-10,29.799999,29.799999,28.900000,29.100000,26.905823,1477592
2015-02-11,28.760000,29.379999,28.690001,28.820000,26.646935,903850
2015-02-12,29.200001,29.590000,28.820000,29.490000,27.266418,621701
2015-02-13,29.500000,29.879999,29.000000,29.700001,27.460583,461018
2015-02-16,29.760000,29.760000,29.280001,29.379999,27.164711,107554
2015-02-17,29.500000,30.000000,29.309999,29.809999,27.562288,728660
2015-02-18,29.850000,30.410000,29.360001,30.240000,27.959869,4944177
2015-02-19,30.090000,30.400000,29.910000,30.020000,27.756456,1622856
2015-02-20,30.280001,30.280001,29.610001,29.740000,27.614853,1108810
2015-02-23,30.200001,30.230000,29.600000,30.080000,27.930557,2465132
2015-02-24,30.230000,30.230000,29.790001,29.980000,27.837704,2038011
2015-02-25,30.150000,30.150000,29.620001,29.760000,27.633421,991194
2015-02-26,29.900000,29.900000,29.610001,29.750000,27.624136,1922487
2015-02-27,29.750000,30.230000,29.750000,29.820000,27.689135,4332881
2015-03-02,29.700001,29.900000,28.860001,28.959999,26.890589,2512545
2015-03-03,28.980000,29.469999,28.980000,29.059999,26.983442,3392063
2015-03-04,29.030001,29.219999,28.750000,28.799999,26.742022,1368898
2015-03-05,28.799999,29.690001,28.799999,29.350000,27.252720,4169269
2015-03-06,29.350000,29.770000,29.260000,29.650000,27.531282,3094562
2015-03-09,29.690001,31.049999,29.580000,30.920000,28.710533,4690560
2015-03-10,30.770000,31.350000,30.309999,30.889999,28.682676,3058896
2015-03-11,30.600000,31.100000,29.950001,30.990000,28.775530,2482979
2015-03-12,30.600000,31.299999,30.059999,31.080000,28.859102,2561743
2015-03-13,31.059999,31.090000,30.559999,31.000000,28.784815,1014264
2015-03-17,30.570000,31.440001,30.000000,31.160000,28.933382,1787257
2015-03-18,31.160000,31.870001,30.459999,31.260000,29.026237,2268031
2015-03-19,31.299999,31.500000,30.900000,31.280001,29.044811,2737656
2015-03-20,31.000000,31.750000,30.950001,31.500000,29.249088,3801260
2015-03-23,30.709999,31.750000,30.709999,31.190001,28.961241,3251395
2015-03-24,31.190001,31.450001,31.040001,31.170000,28.942673,4359473
2015-03-25,31.150000,31.629999,30.670000,31.400000,29.156231,1293934
2015-03-26,30.610001,30.950001,30.570000,30.850000,28.645535,1834353
2015-03-27,31.000000,31.320000,30.350000,30.549999,28.366968,1508415
2015-03-30,30.330000,30.990000,30.049999,30.700001,28.506256,600836
2015-03-31,30.850000,31.290001,30.309999,30.950001,28.738390,1338736
2015-04-01,31.389999,31.389999,30.230000,30.559999,28.376255,873905
2015-04-06,30.559999,31.250000,30.480000,30.900000,28.691957,1064122
2015-04-07,30.799999,31.010000,30.500000,30.559999,28.376255,1181565
2015-04-08,30.559999,31.100000,30.000000,30.180000,28.023411,2706614
2015-04-09,30.540001,30.540001,29.850000,29.959999,27.819132,615223
2015-04-10,30.250000,30.570000,29.879999,30.459999,28.283403,715974
2015-04-13,30.469999,30.740000,30.080000,30.360001,28.190548,914449
2015-04-14,30.219999,30.969999,30.219999,30.600000,28.413399,2084408
2015-04-15,30.070000,30.680000,30.070000,30.230000,28.069839,1849727
2015-04-16,30.299999,30.549999,30.139999,30.320000,28.153406,1055210
2015-04-17,30.200001,30.840000,30.200001,30.660000,28.469110,2931342
2015-04-20,31.000000,31.100000,30.450001,31.030001,28.812675,1445262
2015-04-21,31.000000,31.320000,30.660000,31.219999,28.989094,3981399
2015-04-22,31.230000,31.250000,30.530001,31.110001,28.886957,2215751
2015-04-23,31.230000,31.370001,30.610001,30.830000,28.626963,690314
2015-04-24,31.170000,32.000000,30.830000,31.760000,29.490513,2050609
2015-04-27,32.080002,32.080002,31.459999,31.850000,29.574080,845023
2015-04-28,31.950001,31.950001,31.309999,31.709999,29.444082,1644711
2015-04-29,31.750000,33.700001,31.750000,32.020000,29.731928,4979312
2015-04-30,32.040001,32.540001,30.900000,31.070000,28.849815,2807511
2015-05-04,31.080000,32.900002,31.080000,32.660000,30.326197,2351601
2015-05-05,32.700001,33.169998,32.310001,32.520000,30.196199,3193558
2015-05-06,32.900002,32.919998,32.450001,32.500000,30.177633,2930975
2015-05-07,32.450001,33.299999,32.360001,33.119999,30.753330,1900260
2015-05-08,33.299999,33.700001,33.099998,33.310001,30.929754,2878726
2015-05-11,33.639999,33.639999,32.740002,33.090000,30.725470,1596956
2015-05-12,33.090000,33.230000,32.500000,32.540001,30.214775,1137597
2015-05-13,33.270000,33.270000,32.500000,32.549999,30.224056,993859
2015-05-14,33.000000,33.290001,32.599998,32.700001,30.363338,1095672
2015-05-15,32.700001,33.590000,32.570000,33.369999,30.985462,3454511
2015-05-18,33.369999,33.369999,32.740002,32.980000,30.623331,411436
2015-05-19,33.150002,33.299999,32.230000,32.299999,29.991920,1191870
2015-05-20,32.689999,32.889999,32.009998,32.660000,30.326197,1769651
2015-05-21,32.889999,32.889999,32.599998,32.669998,30.335478,587298
2015-05-22,32.090000,32.750000,31.559999,32.320000,30.128071,484084
2015-05-25,32.320000,32.639999,31.959999,32.060001,29.885706,179267
2015-05-26,31.700001,32.320000,31.520000,32.049999,29.876385,912202
2015-05-27,31.580000,32.500000,31.400000,31.950001,29.783165,1571870
2015-05-28,32.099998,32.169998,31.650000,32.000000,29.829775,693908
2015-05-29,32.200001,32.959999,31.990000,32.009998,29.839092,2777387
2015-06-01,32.090000,32.889999,32.090000,32.349998,30.156034,1216568
2015-06-02,32.189999,33.490002,32.189999,32.490002,30.286545,1698107
2015-06-03,32.549999,33.110001,32.070000,32.259998,30.072140,941454
2015-06-04,32.259998,32.680000,32.259998,32.439999,30.239933,3733352
2015-06-05,32.889999,32.889999,32.070000,32.259998,30.072140,453593
2015-06-08,32.459999,33.459999,32.349998,32.560001,30.351795,4665803
2015-06-09,32.720001,33.209999,32.290001,32.700001,30.482304,1409659
2015-06-10,32.660000,33.270000,32.660000,33.049999,30.808565,2733424
2015-06-11,33.090000,33.389999,32.279999,32.770000,30.547548,1226797
2015-06-12,32.900002,32.959999,32.259998,32.599998,30.389080,756229
2015-06-15,32.360001,32.950001,32.000000,32.790001,30.566198,632343
2015-06-16,32.500000,33.500000,32.209999,33.480000,31.209396,2484481
2015-06-17,33.540001,33.540001,33.009998,33.459999,31.190758,1004322
2015-06-18,33.500000,34.099998,33.389999,33.959999,31.656851,1832415
2015-06-19,33.610001,33.939999,33.220001,33.639999,31.358545,2957113
2015-06-22,33.619999,33.860001,33.119999,33.310001,31.050934,1687112
2015-06-23,33.790001,34.009998,33.490002,33.970001,31.666162,1386187
2015-06-24,33.970001,34.900002,33.349998,34.139999,31.824644,2530722
2015-06-25,34.070000,34.500000,33.400002,33.770000,31.479734,1621822
2015-06-26,33.520000,33.790001,33.400002,33.570000,31.293293,776506
2015-06-29,33.180000,33.869999,33.000000,33.220001,30.967035,1044994
2015-06-30,33.000000,33.450001,32.570000,32.790001,30.566198,1935088
2015-07-01,32.950001,33.889999,32.799999,32.950001,30.715349,875371
2015-07-02,32.950001,34.299999,32.950001,34.209999,31.889898,2698829
2015-07-03,34.049999,34.180000,33.209999,33.570000,31.293293,166140
2015-07-06,33.570000,34.799999,33.570000,34.599998,32.253437,1595108
2015-07-07,34.230000,35.209999,34.049999,35.169998,32.784786,2643825
2015-07-08,35.240002,35.959999,34.590000,35.049999,32.672920,1578016
2015-07-09,35.060001,35.500000,34.049999,34.139999,31.824644,1005561
2015-07-10,34.790001,34.799999,34.320000,34.500000,32.160225,2191094
2015-07-13,34.560001,34.980000,34.209999,34.439999,32.104286,997041
2015-07-14,34.250000,34.980000,34.250000,34.849998,32.486496,1214937
2015-07-15,34.869999,35.070000,34.700001,35.000000,32.626316,3545243
2015-07-16,35.090000,35.500000,35.000000,35.380001,32.980545,746165
2015-07-17,35.500000,35.950001,35.029999,35.860001,33.427994,632867
2015-07-20,35.970001,36.840000,35.560001,35.950001,33.511883,1380606
2015-07-21,36.000000,36.000000,35.439999,35.660000,33.241558,1660357
2015-07-22,35.840000,36.180000,34.700001,35.169998,32.784786,1209030
2015-07-23,35.770000,36.490002,35.000000,36.090000,33.642395,1611782
2015-07-24,36.000000,36.439999,35.009998,35.279999,32.887318,1064301
2015-07-27,35.279999,35.500000,35.000000,35.270000,32.878002,740648
2015-07-28,35.500000,35.970001,35.029999,35.189999,32.803425,1064175
2015-07-29,35.270000,39.000000,35.270000,37.849998,35.283028,2817734
2015-07-30,37.599998,37.599998,36.730000,36.970001,34.462719,1419110
2015-07-31,37.189999,37.500000,36.680000,37.279999,34.751690,2128219
2015-08-03,37.000000,37.250000,36.669998,36.840000,34.341530,1426375
2015-08-04,36.500000,37.990002,36.500000,37.959999,35.385571,3445183
2015-08-05,37.700001,38.500000,37.650002,38.290001,35.693188,1336128
2015-08-06,37.910000,38.980000,37.500000,37.930000,35.357609,1388841
2015-08-07,38.310001,38.660000,37.610001,37.930000,35.357609,1012272
2015-08-10,37.990002,38.119999,37.590000,37.970001,35.394894,352098
2015-08-11,37.970001,38.200001,37.009998,38.049999,35.469467,1058233
2015-08-12,38.110001,38.189999,36.740002,36.930000,34.425426,1680043
2015-08-13,36.700001,37.439999,36.700001,36.880001,34.378819,2829717
2015-08-14,36.750000,37.290001,36.750000,36.840000,34.341530,914172
2015-08-17,37.000000,37.290001,36.560001,37.169998,34.649147,1894812
2015-08-18,36.880001,37.290001,36.759998,36.910000,34.406776,1752546
2015-08-19,36.759998,36.990002,36.000000,36.130001,33.679680,2140998
2015-08-20,35.700001,36.150002,35.509998,35.770000,33.344101,2843108
2015-08-21,35.040001,36.880001,35.040001,35.419998,33.135944,1914239
2015-08-24,34.630001,35.240002,33.869999,34.150002,31.947844,2052484
2015-08-25,34.599998,35.990002,34.599998,35.840000,33.528854,3517001
2015-08-26,35.980000,36.619999,35.400002,36.349998,34.005966,2092510
2015-08-27,36.220001,37.799999,36.080002,37.410000,34.997612,2156990
2015-08-28,36.509998,37.910000,36.509998,37.270000,34.866642,5515056
2015-08-31,37.270000,38.169998,36.500000,37.849998,35.409241,3090165
2015-09-01,37.270000,37.849998,36.500000,36.930000,34.548569,1439582
2015-09-02,37.099998,38.169998,37.099998,38.040001,35.586987,2422271
2015-09-03,38.060001,38.200001,37.610001,38.009998,35.558922,1251539
2015-09-04,38.000000,38.540001,37.400002,38.160000,35.699253,1471911
2015-09-07,37.110001,39.400002,37.110001,38.990002,36.475727,521146
2015-09-08,38.230000,39.080002,38.230000,38.779999,36.279274,953529
2015-09-09,38.900002,39.380001,38.320000,38.450001,35.970551,803086
2015-09-10,38.299999,39.500000,38.299999,39.310001,36.775097,2901061
2015-09-11,39.450001,39.520000,38.209999,38.509998,36.026676,1247055
2015-09-14,38.520000,39.299999,38.209999,38.450001,35.970551,2909763
2015-09-15,39.000000,39.599998,38.369999,39.509998,36.962196,2068511
2015-09-17,39.599998,40.970001,39.520000,39.740002,37.177376,2543096
2015-09-18,39.650002,40.660000,38.369999,39.320000,36.784451,1840304
2015-09-21,39.400002,40.000000,39.349998,39.650002,37.093170,2316235
2015-09-22,39.400002,39.400002,38.900002,38.970001,36.457020,1470165
2015-09-23,39.090000,39.450001,38.799999,39.180000,36.653477,1753101
2015-09-24,38.799999,39.209999,38.770000,39.049999,36.531860,2171019
2015-09-25,39.180000,39.990002,38.459999,38.970001,36.457020,6032830
2015-09-28,39.000000,39.450001,38.680000,38.939999,36.428951,2097055
2015-09-29,38.959999,39.939999,38.959999,39.770000,37.205433,1678795
2015-09-30,39.720001,40.720001,39.660000,39.939999,37.364468,5087407
2015-10-01,40.700001,40.700001,39.549999,40.310001,37.710613,1964292
2015-10-02,40.599998,40.639999,39.889999,40.400002,37.794807,2095420
2015-10-05,40.700001,41.599998,40.009998,41.040001,38.393536,2643108
2015-10-06,40.290001,43.880001,40.290001,42.580002,39.834229,2278379
2015-10-07,42.580002,43.900002,39.599998,40.419998,37.813515,4810943
2015-10-08,40.599998,41.250000,39.709999,41.130001,38.477737,4644628
2015-10-09,41.099998,43.119999,41.099998,42.570000,39.824863,7119858
2015-10-12,42.500000,42.990002,42.080002,42.660000,39.909069,2539890
2015-10-13,42.869999,42.990002,41.959999,42.270000,39.544220,1445021
2015-10-14,42.270000,42.450001,41.270000,41.509998,38.833225,1035324
2015-10-15,41.650002,42.360001,41.450001,41.529999,38.851936,2279961
2015-10-16,42.299999,42.400002,41.330002,41.900002,39.198086,1952146
2015-10-19,41.790001,42.650002,41.340000,42.560001,39.815521,1908678
2015-10-20,42.720001,42.830002,42.080002,42.490002,39.750034,3846100
2015-10-21,42.849998,43.990002,42.099998,43.740002,40.919426,3543384
2015-10-22,43.740002,44.860001,43.740002,44.660000,41.780106,1960682
2015-10-23,44.889999,46.139999,43.599998,44.439999,41.574291,1568772
2015-10-26,44.450001,44.830002,43.939999,44.250000,41.396542,1797499
2015-10-27,44.750000,44.750000,42.400002,42.610001,39.862297,2826221
2015-10-28,42.610001,43.270000,40.650002,41.279999,38.618057,2946065
2015-10-29,41.169998,42.290001,41.169998,41.730000,39.039040,2036421
2015-10-30,41.770000,42.480000,41.360001,42.209999,39.488094,2390958
2015-11-03,42.970001,44.320000,42.310001,43.369999,40.573284,2819807
2015-11-04,43.900002,44.740002,43.549999,43.880001,41.050396,1509055
2015-11-05,43.509998,44.060001,43.400002,43.490002,40.685551,1355690
2015-11-06,43.000000,44.290001,43.000000,43.450001,40.648132,871340
2015-11-09,43.450001,43.709999,41.799999,42.480000,39.740677,1183797
2015-11-10,41.259998,42.849998,41.259998,41.970001,39.263561,2071290
2015-11-11,42.139999,42.139999,41.650002,41.790001,39.095177,1645213
2015-11-12,41.810001,41.950001,41.580002,41.660000,38.973557,1392143
2015-11-13,41.680000,42.000000,41.650002,41.980000,39.272923,1754825
2015-11-17,42.200001,42.400002,41.950001,42.049999,39.338409,3005918
2015-11-18,42.180000,42.470001,41.529999,41.840000,39.141953,1805327
2015-11-19,42.400002,42.400002,41.730000,42.090000,39.375832,2352493
2015-11-20,42.080002,42.490002,41.610001,42.360001,39.748821,1827464
2015-11-23,42.490002,42.880001,42.360001,42.709999,40.077248,1443610
2015-11-24,42.099998,42.730000,42.020000,42.340000,39.730057,1109925
2015-11-25,42.520000,43.000000,41.880001,42.040001,39.448555,1395177
2015-11-26,42.060001,42.250000,41.169998,41.470001,38.913696,602812
2015-11-27,41.970001,43.000000,41.320000,41.950001,39.364098,815221
2015-11-30,42.029999,42.410000,39.790001,40.240002,37.759510,6358744
2015-12-01,40.259998,41.000000,39.549999,40.650002,38.144234,4394484
2015-12-02,40.599998,41.040001,40.369999,40.529999,38.031628,3318295
2015-12-03,40.529999,40.990002,39.500000,40.189999,37.712589,1647337
2015-12-04,40.189999,40.500000,38.849998,39.340000,36.914982,3107406
2015-12-07,39.349998,40.700001,39.349998,40.189999,37.712589,1642621
2015-12-08,39.990002,39.990002,38.860001,39.439999,37.008820,2644051
2015-12-09,39.580002,39.700001,39.099998,39.369999,36.943138,1093343
2015-12-10,39.369999,39.669998,37.619999,39.369999,36.943138,2280952
2015-12-11,38.400002,39.759998,38.189999,39.520000,37.083893,1229205
2015-12-14,39.540001,39.980000,39.349998,39.689999,37.243404,1178061
2015-12-15,39.700001,40.360001,38.509998,39.730000,37.280945,3797649
2015-12-16,40.130001,40.930000,39.470001,40.450001,37.956562,1783035
2015-12-17,40.430000,41.849998,40.250000,41.709999,39.138893,2299796
2015-12-18,41.650002,41.930000,41.500000,41.770000,39.195194,6286395
2015-12-21,41.560001,41.849998,38.650002,40.200001,37.721973,2373679
2015-12-22,40.299999,41.500000,39.990002,41.070000,38.538342,893533
2015-12-23,41.150002,41.369999,40.049999,40.490002,37.994091,1446636
2015-12-24,40.950001,41.669998,40.650002,41.270000,38.726017,539758
2015-12-28,41.270000,41.270000,40.619999,41.049999,38.519577,746237
2015-12-29,41.400002,41.570000,40.250000,40.430000,37.937794,771795
2015-12-30,40.439999,40.599998,39.660000,39.759998,37.309090,877227
2015-12-31,39.740002,40.270000,39.650002,40.070000,37.599987,265171
2016-01-04,39.869999,40.180000,38.790001,39.900002,37.440468,875184
2016-01-05,39.880001,40.630001,39.799999,40.150002,37.675060,1371505
2016-01-06,40.090000,40.750000,39.599998,40.160000,37.684441,1456983
2016-01-07,39.750000,40.630001,38.900002,39.320000,36.896206,1217281
2016-01-08,40.180000,40.189999,39.150002,39.700001,37.252796,964394
2016-01-11,39.029999,39.810001,39.029999,39.689999,37.243404,902135
2016-01-12,40.169998,40.980000,39.790001,39.980000,37.515533,2254747
2016-01-13,40.299999,40.360001,39.400002,39.840000,37.384167,1737381
2016-01-14,39.860001,40.799999,39.450001,40.529999,38.031628,1285016
2016-01-15,39.619999,41.000000,39.299999,40.619999,38.116085,1565905
2016-01-18,40.000000,40.599998,39.730000,40.080002,37.609379,308656
2016-01-19,40.200001,40.820000,39.810001,40.099998,37.628139,1719663
2016-01-20,40.150002,40.939999,39.529999,40.529999,38.031628,1074511
2016-01-21,41.340000,41.349998,39.740002,40.209999,37.731358,1574175
2016-01-22,40.450001,40.880001,40.029999,40.549999,38.050396,1039644
2016-01-25,40.549999,40.820000,40.060001,40.610001,38.106701,635936
2016-01-26,40.810001,41.779999,40.709999,41.700001,39.129505,1494610
2016-01-27,41.700001,41.700001,40.180000,40.930000,38.406967,1154759
2016-01-28,41.099998,41.740002,40.770000,41.410000,38.857384,2647041
2016-01-29,41.700001,43.150002,41.700001,42.959999,40.311840,4465976
2016-02-02,42.959999,43.500000,41.799999,43.099998,40.443207,7092223
2016-02-03,43.180000,43.500000,42.619999,43.250000,40.583965,2995027
2016-02-04,43.500000,43.939999,42.619999,43.000000,40.349369,1797710
2016-02-05,43.599998,43.599998,41.570000,41.810001,39.232723,1959953
2016-02-08,41.599998,42.119999,40.799999,42.090000,39.495468,638118
2016-02-09,42.150002,42.450001,41.619999,42.169998,39.570541,1321983
2016-02-10,42.490002,42.950001,42.240002,42.320000,39.711288,887221
2016-02-11,42.900002,42.900002,41.500000,42.230000,39.626839,1743563
2016-02-12,42.650002,42.650002,42.310001,42.470001,39.852051,1150052
2016-02-15,42.500000,42.900002,42.009998,42.580002,39.955261,319013
2016-02-16,42.790001,42.799999,41.810001,41.900002,39.317188,1790538
2016-02-17,42.580002,42.619999,41.040001,41.820000,39.242111,1651483
2016-02-18,42.279999,42.299999,41.310001,41.779999,39.204571,1699283
2016-02-19,41.700001,42.400002,41.700001,42.180000,39.579926,1158573
2016-02-22,42.669998,42.669998,41.599998,41.889999,39.434010,2677868
2016-02-23,42.500000,42.980000,41.900002,41.990002,39.528145,6334071
2016-02-24,41.990002,42.880001,41.500000,42.580002,40.083553,2587799
2016-02-25,42.779999,42.799999,41.869999,41.889999,39.434010,2778649
2016-02-26,41.810001,43.000000,41.810001,42.830002,40.318897,819993
2016-02-29,43.000000,43.099998,41.959999,42.470001,39.980011,3504994
2016-03-01,42.470001,43.049999,42.049999,42.820000,40.309486,2146575
2016-03-02,42.820000,43.770000,42.209999,43.080002,40.554245,3556111
2016-03-03,43.299999,43.580002,42.790001,43.110001,40.582485,3632468
2016-03-04,43.689999,43.689999,42.599998,43.040001,40.516579,3828932
2016-03-07,43.360001,43.360001,41.750000,42.029999,39.565800,1339229
2016-03-08,42.779999,42.779999,41.770000,42.279999,39.801136,4249096
2016-03-09,42.770000,42.790001,42.400002,42.619999,40.121212,2582911
2016-03-10,42.759998,43.299999,42.580002,43.090000,40.563644,3382562
2016-03-11,43.000000,43.270000,42.250000,42.570000,40.074142,1954420
2016-03-14,42.709999,43.080002,42.599998,42.880001,40.365967,5895312
2016-03-15,42.779999,43.080002,42.310001,42.830002,40.318897,1387460
2016-03-16,42.730000,43.000000,42.619999,42.910000,40.394203,2118210
2016-03-17,42.939999,43.450001,42.869999,43.430000,40.883724,5125546
2016-03-18,43.450001,44.099998,42.500000,43.759998,41.194374,3806960
2016-03-22,44.250000,45.500000,43.959999,45.110001,42.465225,4511231
2016-03-23,44.209999,45.700001,44.200001,45.599998,42.926491,3055650
2016-03-28,45.480000,46.560001,44.660000,45.939999,43.246555,1667644
2016-03-29,46.009998,46.360001,45.049999,45.830002,43.143013,3788003
2016-03-30,45.900002,46.990002,45.900002,46.779999,44.037308,6128901
2016-03-31,46.900002,47.779999,46.500000,47.080002,44.319721,5892521
2016-04-01,47.000000,47.990002,46.509998,47.220001,44.451511,2295889
2016-04-04,47.320000,47.360001,45.009998,45.180000,42.531116,1703339
2016-04-05,45.049999,46.230000,44.799999,45.799999,43.114769,2309550
2016-04-06,46.139999,46.139999,44.959999,45.560001,42.888840,2147004
2016-04-07,45.099998,46.340000,45.099998,46.060001,43.359528,1978108
2016-04-08,46.200001,46.490002,45.299999,45.919998,43.227734,2112302
2016-04-11,45.919998,46.480000,45.590000,46.009998,43.312450,888047
2016-04-12,46.009998,46.400002,45.270000,45.380001,42.719383,1749786
2016-04-13,45.490002,46.040001,45.200001,45.930000,43.237144,1105348
2016-04-14,45.910000,46.610001,45.799999,45.959999,43.265385,1505382
2016-04-15,45.820000,46.500000,45.820000,46.119999,43.416004,1225446
2016-04-18,46.020000,46.490002,43.889999,44.310001,41.712128,2884912
2016-04-19,44.900002,46.380001,44.900002,46.259998,43.547798,1590607
2016-04-20,46.230000,46.500000,45.060001,45.830002,43.143013,3205477
2016-04-21,45.799999,46.500000,45.500000,46.230000,43.519558,833026
2016-04-22,46.029999,46.439999,45.990002,46.240002,43.528973,926825
2016-04-25,46.150002,46.290001,45.500000,45.509998,42.841770,2032049
2016-04-26,45.700001,45.959999,44.750000,45.320000,42.662910,3685565
2016-04-27,45.090000,46.650002,45.029999,46.369999,43.651348,2654758
2016-04-28,46.369999,47.360001,46.200001,46.820000,44.074966,3501787
2016-04-29,46.849998,47.160000,45.740002,46.009998,43.312450,743455
2016-05-02,46.000000,46.450001,45.200001,45.310001,42.653500,1511538
2016-05-03,45.259998,46.610001,45.189999,46.310001,43.594872,876291
2016-05-04,45.520000,46.790001,45.520000,46.509998,43.783134,2126503
2016-05-05,46.500000,46.500000,45.310001,45.590000,42.917076,1311950
2016-05-06,45.509998,46.150002,45.509998,46.000000,43.303040,672411
2016-05-09,45.630001,46.580002,45.630001,46.490002,43.764320,814784
2016-05-10,45.779999,46.730000,45.779999,46.619999,43.886684,3064794
2016-05-11,45.830002,46.290001,45.250000,46.200001,43.491318,2422626
2016-05-12,46.349998,46.439999,45.000000,45.150002,42.502880,2034689
2016-05-13,45.369999,45.590000,44.700001,45.080002,42.436977,1643699
2016-05-16,45.060001,45.900002,45.060001,45.590000,42.917076,674160
2016-05-17,45.360001,46.029999,45.119999,45.869999,43.180660,1042235
2016-05-18,45.990002,45.990002,44.880001,45.410000,42.747635,1486152
2016-05-19,44.900002,45.580002,44.900002,45.150002,42.502880,964074
2016-05-20,45.590000,45.599998,44.340000,44.500000,42.016613,2019023
2016-05-23,44.349998,44.830002,44.049999,44.360001,41.884430,478431
2016-05-24,44.430000,44.689999,43.549999,43.790001,41.346241,1319584
2016-05-25,44.230000,45.450001,44.009998,45.270000,42.743645,1464198
2016-05-26,45.450001,45.450001,44.480000,44.939999,42.432056,3903457
2016-05-27,45.099998,45.380001,44.900002,45.189999,42.668102,1150958
2016-05-30,45.119999,45.439999,45.119999,45.270000,42.743645,197030
2016-05-31,45.500000,45.500000,43.070000,44.369999,41.893871,4748873
2016-06-01,44.299999,44.689999,43.860001,44.360001,41.884430,1417011
2016-06-02,44.730000,44.779999,44.209999,44.619999,42.129917,3540749
2016-06-03,44.950001,44.950001,43.310001,43.770000,41.327351,1328893
2016-06-06,43.599998,44.500000,43.599998,44.150002,41.686153,3428937
2016-06-07,44.130001,44.380001,43.750000,44.040001,41.582287,3244792
2016-06-08,44.330002,44.880001,43.980000,44.500000,42.016613,2076730
2016-06-09,43.970001,44.830002,43.189999,43.400002,40.978004,945181
2016-06-10,44.099998,44.099998,43.189999,43.290001,40.874146,796768
2016-06-13,43.299999,43.299999,42.020000,42.720001,40.335953,856015
2016-06-14,42.500000,42.770000,41.599998,41.950001,39.608921,1611459
2016-06-15,41.689999,42.680000,41.689999,42.049999,39.703346,2345908
2016-06-16,42.380001,42.540001,41.610001,42.340000,39.977161,3161587
2016-06-17,42.500000,42.570000,41.799999,42.080002,39.731674,2628649
2016-06-20,42.349998,43.189999,42.000000,42.570000,40.194324,2062071
2016-06-21,42.849998,42.900002,42.029999,42.230000,39.873291,3469157
2016-06-22,42.240002,42.380001,41.900002,42.020000,39.675011,1952757
2016-06-23,42.369999,42.610001,42.110001,42.270000,39.911064,1697155
2016-06-24,41.990002,41.990002,40.500000,41.189999,38.891335,3040197
2016-06-27,41.160000,41.689999,40.500000,41.119999,38.825237,1367103
2016-06-28,41.980000,42.000000,40.889999,41.150002,38.853569,2216999
2016-06-29,41.849998,41.849998,40.259998,40.810001,38.532539,6629718
2016-06-30,40.880001,41.020000,39.900002,40.119999,37.881042,6974660
2016-07-01,40.320000,41.049999,40.160000,40.630001,38.362587,2817116
2016-07-04,41.040001,41.380001,40.500000,40.750000,38.475883,995390
2016-07-05,40.540001,40.770000,39.900002,39.990002,37.758301,2929876
2016-07-06,39.990002,40.270000,39.619999,40.099998,37.862160,4286999
2016-07-07,40.520000,41.099998,40.160000,40.770000,38.494781,6790215
2016-07-08,40.830002,41.060001,40.650002,40.779999,38.504211,2061449
2016-07-11,41.000000,41.169998,40.400002,40.689999,38.419235,1592705
2016-07-12,40.700001,41.900002,40.700001,41.810001,39.476730,3639805
2016-07-13,41.810001,42.000000,41.299999,41.779999,39.448406,3733945
2016-07-14,41.759998,41.939999,40.580002,40.939999,38.655285,3116610
2016-07-15,41.200001,42.380001,40.959999,42.130001,39.778877,5877324
2016-07-18,42.029999,42.150002,41.330002,41.810001,39.476730,1434034
2016-07-19,42.099998,42.200001,41.759998,42.000000,39.656132,2060139
2016-07-20,42.099998,42.490002,41.810001,41.990002,39.646687,1986741
2016-07-21,42.279999,42.279999,41.529999,41.680000,39.353996,4527448
2016-07-22,41.520000,42.299999,41.520000,42.189999,39.835529,1400675
2016-07-25,42.189999,42.500000,41.669998,42.430000,40.062134,2266982
2016-07-26,42.500000,42.599998,41.849998,42.049999,39.703346,3117349
2016-07-27,42.200001,42.200001,41.040001,41.470001,39.155716,2740315
2016-07-28,41.500000,41.750000,40.820000,40.919998,38.636406,3986745
2016-07-29,41.000000,41.430000,40.540001,40.730000,38.457005,1970596
2016-08-01,40.520000,40.730000,40.419998,40.500000,38.239841,2262782
2016-08-02,40.740002,40.990002,40.000000,40.049999,37.814957,3093764
2016-08-03,40.330002,40.820000,40.110001,40.639999,38.372028,2448759
2016-08-04,40.799999,40.840000,40.099998,40.410000,38.154861,2033896
2016-08-05,40.410000,40.990002,40.410000,40.820000,38.541981,2452896
2016-08-08,41.099998,41.110001,39.910000,40.349998,38.098213,2818132
2016-08-09,40.700001,40.799999,40.080002,40.360001,38.107651,1995787
2016-08-10,40.119999,40.630001,40.119999,40.470001,38.211521,1203911
2016-08-11,40.560001,40.990002,40.500000,40.820000,38.541981,2234558
2016-08-12,40.900002,41.279999,40.880001,41.130001,38.834686,1353239
2016-08-15,41.080002,41.549999,41.080002,41.330002,39.023521,2821578
2016-08-16,41.500000,41.779999,41.200001,41.509998,39.193474,2062061
2016-08-17,41.759998,41.799999,40.849998,41.040001,38.749714,2589473
2016-08-18,40.980000,41.419998,40.500000,41.060001,38.768589,1795404
2016-08-19,41.380001,41.790001,40.980000,41.119999,38.825237,1374161
2016-08-22,41.020000,41.560001,40.299999,41.419998,39.237324,1034468
2016-08-23,41.470001,41.470001,40.200001,40.480000,38.346859,1580751
2016-08-24,40.480000,40.599998,40.139999,40.189999,38.072140,2312401
2016-08-25,40.189999,40.580002,39.830002,40.459999,38.327896,5607472
2016-08-26,40.520000,40.700001,39.820000,39.959999,37.854252,2097486
2016-08-29,40.020000,40.279999,39.619999,39.820000,37.721634,1188215
2016-08-30,39.689999,40.209999,39.590000,39.680000,37.589012,2103700
2016-08-31,39.619999,39.889999,39.200001,39.389999,37.314281,4107982
2016-09-01,39.299999,39.669998,38.840000,38.939999,36.888008,2572459
2016-09-02,39.000000,39.209999,38.700001,38.799999,36.755386,5066113
2016-09-05,38.700001,39.689999,38.700001,39.139999,37.077465,270128
2016-09-06,38.910000,39.619999,38.700001,39.080002,37.020630,1605780
2016-09-07,38.709999,39.470001,37.779999,38.230000,36.215424,3391052
2016-09-08,38.150002,39.279999,38.029999,38.840000,36.793278,3214679
2016-09-09,38.549999,39.009998,37.910000,38.660000,36.622765,2306575
2016-09-12,38.380001,38.500000,36.779999,38.070000,36.063850,3187049
2016-09-13,38.130001,38.130001,37.070000,37.490002,35.514420,2957051
2016-09-14,37.509998,38.040001,37.270000,37.709999,35.722820,1732419
2016-09-15,37.689999,38.250000,37.279999,38.049999,36.044903,3399381
2016-09-19,38.049999,38.310001,37.200001,37.689999,35.703876,2415797
2016-09-20,37.840000,38.880001,37.590000,38.450001,36.423828,2023723
2016-09-21,38.849998,39.660000,38.400002,39.500000,37.418495,3308714
2016-09-22,39.700001,39.700001,38.070000,38.860001,36.812214,3913804
2016-09-23,38.959999,39.500000,38.830002,39.099998,37.039570,2942061
2016-09-26,38.509998,38.880001,37.869999,38.020000,36.016483,3930643
2016-09-27,38.490002,38.610001,37.980000,38.509998,36.480663,2026270
2016-09-28,38.740002,39.009998,38.200001,38.770000,36.726967,3173298
2016-09-29,38.590000,38.849998,37.849998,37.950001,35.950176,1654221
2016-09-30,37.950001,37.950001,36.660000,36.930000,34.983925,2928441
2016-10-03,37.400002,37.400002,36.160000,37.020000,35.069176,2922451
2016-10-04,37.139999,37.459999,36.799999,37.310001,35.343903,3123258
2016-10-05,37.369999,37.590000,37.000000,37.240002,35.277596,2051250
2016-10-06,37.270000,37.700001,37.009998,37.509998,35.533356,1873840
2016-10-07,37.500000,37.500000,36.610001,36.770000,34.832359,1929769
2016-10-10,36.900002,37.290001,36.750000,36.889999,34.946033,2445303
2016-10-11,37.000000,37.150002,36.700001,37.000000,35.050236,5558737
2016-10-12,36.900002,37.130001,36.730000,36.970001,35.021820,2513936
2016-10-13,36.900002,37.200001,36.900002,37.070000,35.116547,2642672
2016-10-14,37.080002,37.349998,36.730000,36.790001,34.851303,1140094
2016-10-17,37.090000,37.290001,36.200001,36.480000,34.557632,1306057
2016-10-18,36.889999,37.150002,36.599998,36.639999,34.709206,1963317
2016-10-19,36.639999,37.150002,36.400002,36.810001,34.870247,2379511
2016-10-20,36.709999,36.990002,36.500000,36.540001,34.614483,2041853
2016-10-21,36.500000,36.599998,35.340000,35.500000,33.629284,4328788
2016-10-24,35.610001,36.419998,34.970001,35.200001,33.345093,6946822
2016-10-25,34.389999,36.360001,33.849998,35.520000,33.648232,16592194
2016-10-26,35.509998,35.959999,35.349998,35.630001,33.752430,4454752
2016-10-27,35.549999,35.740002,35.049999,35.410000,33.544022,3733306
2016-10-28,35.459999,35.689999,35.220001,35.299999,33.439816,2998039
2016-10-31,35.220001,35.279999,35.099998,35.189999,33.335613,2952476
2016-11-01,35.070000,35.099998,34.900002,35.020000,33.174572,7354364
2016-11-03,35.020000,35.130001,34.209999,34.560001,32.738819,5755011
2016-11-04,34.619999,35.009998,34.009998,34.520000,32.700924,5295290
2016-11-07,34.540001,35.880001,34.540001,35.740002,33.856636,3279241
2016-11-08,35.689999,36.139999,35.209999,36.040001,34.140823,2956171
2016-11-09,34.000000,34.590000,32.480000,34.389999,32.577770,7589682
2016-11-10,34.299999,34.700001,32.490002,32.709999,30.986303,11667969
2016-11-11,32.720001,33.000000,31.280001,31.490000,29.830591,5668415
2016-11-14,31.490000,31.650000,29.480000,30.840000,29.214844,12046785
2016-11-15,30.790001,32.950001,30.600000,31.700001,30.029524,5045287
2016-11-16,31.700001,32.790001,31.299999,32.590000,30.872625,7166887
2016-11-17,32.599998,32.680000,31.559999,32.119999,30.427393,9039933
2016-11-18,32.369999,32.380001,31.559999,31.969999,30.413124,6756621
2016-11-22,31.850000,31.889999,31.350000,31.379999,29.851854,7632392
2016-11-23,31.240000,31.670000,31.120001,31.559999,30.023092,5311410
2016-11-24,31.209999,32.099998,31.209999,31.920000,30.365559,749186
2016-11-25,32.080002,32.540001,32.000000,32.459999,30.879263,4530076
2016-11-28,32.000000,32.060001,31.709999,32.029999,30.470200,1842440
2016-11-29,31.719999,32.009998,31.000000,31.059999,29.547440,4205010
2016-11-30,31.209999,31.450001,30.049999,30.959999,29.452309,8108410
2016-12-01,30.790001,31.230000,30.389999,30.900000,29.395229,2327660
2016-12-02,30.559999,30.850000,29.650000,30.150000,28.681751,3411256
2016-12-05,30.090000,30.580000,29.709999,29.920000,28.462955,2918832
2016-12-06,30.000000,30.610001,29.870001,30.480000,28.995684,3855475
2016-12-07,30.440001,31.200001,30.389999,30.969999,29.461821,4511226
2016-12-08,30.980000,31.389999,30.799999,31.170000,29.652084,4953646
2016-12-09,31.059999,31.309999,30.559999,31.129999,29.614029,4739683
2016-12-13,31.400000,31.799999,31.129999,31.510000,29.975527,3055254
2016-12-14,31.549999,31.549999,30.760000,30.980000,29.471331,2530521
2016-12-15,30.950001,31.370001,30.490000,30.660000,29.166918,2954897
2016-12-16,30.620001,31.020000,30.240000,30.440001,28.957632,3552582
2016-12-19,30.420000,30.990000,30.299999,30.559999,29.071787,1652145
2016-12-20,30.500000,31.100000,29.900000,30.500000,29.014709,2411272
2016-12-21,30.420000,30.420000,29.549999,29.860001,28.405878,5589717
2016-12-22,29.799999,30.490000,29.459999,30.180000,28.710293,1701295
2016-12-23,29.850000,30.450001,29.730000,30.180000,28.710293,1192175
2016-12-26,30.020000,30.160000,30.000000,30.010000,28.548574,34709
2016-12-27,30.389999,30.700001,29.830000,30.280001,28.805426,3145397
2016-12-28,30.299999,30.299999,29.900000,30.059999,28.596134,967177
2016-12-29,30.180000,30.299999,29.969999,30.000000,28.539059,1313500
2016-12-30,29.900000,30.440001,29.709999,30.209999,28.738834,1135010
2017-01-02,30.200001,30.450001,30.000000,30.209999,28.738834,14930
2017-01-03,30.440001,30.780001,29.740000,30.030001,28.567598,1221076
2017-01-04,30.030001,30.030001,29.510000,29.860001,28.405878,1510326
2017-01-05,30.180000,30.320000,29.840000,30.190001,28.719807,1892544
2017-01-06,30.360001,30.549999,28.799999,28.959999,27.549704,2123834
2017-01-09,29.040001,29.230000,27.809999,28.150000,26.779150,1904833
2017-01-10,28.250000,28.440001,27.150000,27.420000,26.084700,2237632
2017-01-11,27.420000,28.490000,27.170000,27.990000,26.626942,1518203
2017-01-12,28.160000,28.209999,27.370001,27.920000,26.560352,1214817
2017-01-13,27.870001,28.950001,27.799999,28.650000,27.254799,4143301
2017-01-16,28.629999,28.940001,28.410000,28.580000,27.188210,2012931
2017-01-17,28.510000,29.370001,28.440001,28.980000,27.568731,3141381
2017-01-18,29.379999,29.379999,28.500000,28.830000,27.426035,3710749
2017-01-19,28.850000,29.290001,28.049999,28.780001,27.378469,1481469
2017-01-20,28.510000,29.490000,28.510000,28.940001,27.530676,1950551
2017-01-23,29.290001,29.290001,28.430000,28.780001,27.378469,1814381
2017-01-24,29.270000,30.620001,28.860001,30.440001,28.957632,5980567
2017-01-25,30.740000,32.000000,30.730000,31.020000,29.509386,6026997
2017-01-26,31.480000,31.900000,30.830000,31.100000,29.585495,3334647
2017-01-27,30.750000,31.700001,30.090000,31.230000,29.709160,2291236
2017-01-30,31.230000,31.500000,30.320000,30.450001,28.967144,1386646
2017-01-31,31.219999,31.680000,30.780001,31.200001,29.680620,3772668
2017-02-01,31.290001,31.799999,30.500000,30.650000,29.157404,2049160
2017-02-02,30.889999,31.400000,30.610001,30.959999,29.452309,1301913
2017-02-03,31.290001,31.500000,31.090000,31.330000,29.804289,2019899
2017-02-07,31.389999,31.559999,30.330000,30.510000,29.024223,2330279
2017-02-08,30.500000,31.000000,30.100000,30.889999,29.385719,1753154
2017-02-09,30.950001,31.600000,30.360001,30.549999,29.062273,2069778
2017-02-10,30.969999,30.980000,30.370001,30.570000,29.081301,2033253
2017-02-13,30.950001,30.950001,30.080000,30.160000,28.691265,1773708
2017-02-14,30.299999,30.570000,29.930000,30.059999,28.596134,1555821
2017-02-15,30.299999,30.400000,29.500000,29.559999,28.120481,1828644
2017-02-16,29.950001,30.559999,29.510000,30.360001,28.881527,4258600
2017-02-17,30.059999,30.240000,29.610001,29.889999,28.434416,1575465
2017-02-20,29.940001,30.379999,29.549999,30.010000,28.678101,751033
2017-02-21,29.690001,31.290001,29.690001,31.209999,29.824839,2718567
2017-02-22,31.180000,31.680000,30.709999,31.410000,30.015963,4006047
2017-02-23,31.559999,32.680000,31.290001,32.450001,31.009808,5461221
2017-02-24,32.450001,34.150002,32.040001,33.840000,32.338112,7111269
2017-02-27,33.639999,33.639999,33.009998,33.070000,31.602291,1817142
2017-02-28,33.000000,33.320000,32.849998,33.029999,31.564062,2809684
2017-03-01,32.720001,33.610001,32.720001,33.150002,31.678741,2093018
2017-03-02,33.599998,33.599998,33.000000,33.330002,31.850752,2069555
2017-03-03,33.360001,33.500000,33.000000,33.360001,31.879421,1365280
2017-03-06,33.250000,34.500000,33.250000,34.389999,32.863705,2199280
2017-03-07,34.430000,34.470001,34.000000,34.290001,32.768143,2120048
2017-03-08,34.099998,35.000000,33.950001,34.889999,33.341518,6574690
2017-03-09,34.849998,34.849998,34.130001,34.410000,32.882813,1489367
2017-03-10,34.310001,34.880001,34.299999,34.630001,33.093052,1122453
2017-03-13,34.310001,35.029999,34.310001,34.959999,33.408409,628595
2017-03-14,34.340000,35.000000,34.299999,34.770000,33.226833,1488856
2017-03-15,34.750000,35.250000,34.360001,35.009998,33.456188,1317205
2017-03-16,34.830002,35.490002,34.759998,35.070000,33.513523,1532967
2017-03-17,35.250000,35.509998,34.990002,35.020000,33.465740,2169933
2017-03-21,35.040001,35.410000,34.299999,34.980000,33.427513,1962359
2017-03-22,34.980000,35.110001,34.430000,34.939999,33.389297,1819011
2017-03-23,34.330002,35.000000,34.330002,35.000000,33.446632,1712182
2017-03-24,35.290001,35.500000,35.000000,35.090000,33.532639,2864914
2017-03-27,34.750000,35.060001,34.549999,34.820000,33.274620,1510877
2017-03-28,34.599998,34.959999,34.299999,34.509998,32.978374,1750883
2017-03-29,34.169998,34.610001,34.070000,34.230000,32.710800,1776943
2017-03-30,34.299999,34.439999,33.500000,33.799999,32.299889,2278248
2017-03-31,33.810001,34.200001,33.790001,33.970001,32.462345,2167824
2017-04-03,33.970001,34.000000,33.330002,33.799999,32.299889,1038763
2017-04-04,33.500000,34.099998,33.369999,33.860001,32.357231,1067336
2017-04-05,33.509998,34.150002,33.509998,33.990002,32.481461,1633698
2017-04-06,33.910000,34.000000,33.639999,33.880001,32.376343,2620867
2017-04-07,33.900002,34.290001,33.549999,33.980000,32.471901,1307576
2017-04-10,34.299999,34.299999,33.730000,33.950001,32.443237,929972
2017-04-11,34.000000,34.029999,33.700001,33.830002,32.328560,1389679
2017-04-12,34.000000,34.000000,33.599998,33.750000,32.252110,712579
2017-04-17,33.540001,34.279999,33.500000,33.650002,32.156551,1863556
2017-04-18,34.419998,34.419998,34.020000,34.299999,32.777702,2225358
2017-04-19,34.599998,34.599998,33.919998,34.360001,32.835033,1567576
2017-04-20,34.700001,35.360001,33.750000,34.560001,33.026165,2560268
2017-04-21,34.990002,35.820000,34.410000,35.610001,34.029556,2982599
2017-04-24,35.830002,36.470001,35.250000,36.189999,34.583817,953767
2017-04-25,36.000000,36.000000,33.840000,35.130001,33.570866,6031185
2017-04-26,35.110001,35.130001,34.380001,34.509998,32.978374,4218214
2017-04-27,34.889999,35.000000,34.419998,34.590000,33.054832,1131614
2017-04-28,34.590000,34.599998,34.000000,34.119999,32.605686,1697139
2017-05-02,34.000000,34.790001,34.000000,34.680000,33.140835,1831996
2017-05-03,34.919998,34.919998,34.099998,34.270000,32.749027,3381785
2017-05-04,34.330002,34.330002,33.549999,33.950001,32.443237,1332957
2017-05-05,33.610001,34.590000,33.610001,34.360001,32.835033,596267
2017-05-08,34.700001,34.720001,34.160000,34.299999,32.777702,1221732
2017-05-09,34.020000,35.250000,34.020000,35.049999,33.494415,1758057
2017-05-10,35.250000,35.430000,34.320000,34.930000,33.379738,747402
2017-05-11,35.099998,36.119999,34.650002,36.029999,34.430916,1346060
2017-05-12,35.509998,36.110001,35.070000,35.220001,33.656872,2098489
2017-05-15,36.000000,36.000000,35.009998,35.599998,34.020000,2166902
2017-05-16,35.509998,36.500000,35.380001,36.369999,34.755821,2972728
2017-05-17,36.200001,36.200001,34.770000,34.950001,33.398853,1752973
2017-05-18,34.950001,34.950001,34.000000,34.169998,32.653465,1223776
2017-05-19,34.169998,35.080002,33.230000,33.540001,32.196350,1751832
2017-05-22,33.590000,34.330002,32.630001,32.750000,31.437998,2204496
2017-05-23,33.000000,33.029999,32.209999,32.340000,31.044420,2478093
2017-05-24,32.599998,33.520000,32.599998,33.490002,32.148350,1288943
2017-05-25,33.450001,33.619999,32.709999,32.720001,31.409197,1211383
2017-05-26,32.799999,32.860001,32.599998,32.689999,31.380402,1090504
2017-05-29,32.799999,33.240002,32.790001,33.020000,31.697180,156739
2017-05-30,33.189999,33.189999,32.189999,32.380001,31.082819,1586529
2017-05-31,32.150002,32.500000,31.500000,31.600000,30.334064,3728454
2017-06-01,31.600000,32.610001,31.590000,32.509998,31.207607,1644553
2017-06-02,32.639999,32.889999,32.270000,32.680000,31.370802,721197
2017-06-05,32.889999,33.299999,32.720001,33.250000,31.917967,2906547
2017-06-06,32.759998,33.080002,32.709999,32.910000,31.591581,1461276
2017-06-07,32.209999,32.799999,32.209999,32.430000,31.130816,495988
2017-06-08,32.880001,33.000000,31.820000,31.889999,30.612448,3645606
2017-06-09,32.180000,33.220001,31.900000,32.950001,31.629984,2425756
2017-06-12,32.759998,34.000000,32.509998,33.560001,32.215542,2516311
2017-06-13,33.669998,34.009998,33.000000,33.259998,31.927565,545466
2017-06-14,33.580002,33.689999,33.080002,33.480000,32.138756,1345172
2017-06-15,33.450001,33.459999,32.840000,33.220001,31.889168,2434635
2017-06-16,33.500000,33.500000,31.580000,32.070000,30.785236,7508479
2017-06-19,32.299999,33.250000,32.299999,33.020000,31.697180,2117530
2017-06-20,32.340000,32.880001,32.340000,32.490002,31.188414,1729336
2017-06-21,32.660000,32.750000,31.510000,31.900000,30.622047,3246461
2017-06-22,32.139999,32.139999,31.570000,31.790001,30.516455,1308370
2017-06-23,31.850000,32.369999,31.780001,32.250000,30.958025,1231859
2017-06-26,32.080002,32.500000,31.830000,32.330002,31.034824,2157980
2017-06-27,32.200001,32.270000,31.870001,32.180000,30.890829,1312657
2017-06-28,32.299999,33.230000,32.110001,33.150002,31.821974,3553690
2017-06-29,33.189999,33.189999,32.330002,32.900002,31.581987,1126121
2017-06-30,33.119999,33.410000,32.889999,33.240002,31.908365,928284
2017-07-03,33.500000,34.299999,33.459999,34.139999,32.772312,2375521
2017-07-04,34.139999,34.560001,33.840000,34.410000,33.031494,1441466
2017-07-05,34.380001,34.470001,34.000000,34.380001,33.002697,1311999
2017-07-06,34.349998,34.959999,33.529999,34.490002,33.108288,1487561
2017-07-07,34.500000,35.000000,33.630001,34.820000,33.425068,1237418
2017-07-10,34.700001,35.250000,34.669998,34.770000,33.377071,855008
2017-07-11,34.619999,34.799999,33.560001,33.930000,32.570724,1282909
2017-07-12,34.240002,35.150002,34.220001,34.820000,33.425068,1265675
2017-07-13,35.000000,35.900002,34.849998,35.869999,34.433002,1930706
2017-07-14,35.860001,36.599998,35.860001,36.439999,34.980167,1443427
2017-07-17,36.000000,36.810001,36.000000,36.759998,35.287350,1397559
2017-07-18,36.500000,36.509998,35.860001,36.290001,34.836182,1307100
2017-07-19,36.180000,36.720001,35.869999,36.080002,34.634590,416754
2017-07-20,36.049999,36.080002,34.680000,34.849998,33.453869,804458
2017-07-21,34.849998,35.680000,34.619999,35.520000,34.097023,1463008
2017-07-24,35.520000,35.520000,34.730000,35.209999,33.799442,857354
2017-07-25,35.750000,37.139999,35.009998,35.110001,33.703449,2954123
2017-07-26,34.950001,35.200001,34.820000,35.000000,33.597862,1958248
2017-07-27,35.049999,35.889999,34.950001,35.610001,34.183418,2954596
2017-07-28,35.240002,35.610001,35.139999,35.279999,33.866638,1057682
2017-07-31,35.279999,35.279999,34.709999,35.099998,33.693848,1693853
2017-08-01,35.500000,35.500000,34.459999,34.689999,33.300278,3167520
2017-08-02,34.070000,34.310001,32.980000,33.169998,31.841166,5676729
2017-08-03,33.000000,33.310001,32.669998,33.200001,31.869968,3425131
2017-08-04,32.529999,33.000000,30.639999,30.809999,29.575714,12981774
2017-08-07,30.809999,31.129999,30.740000,31.010000,29.767700,2774901
2017-08-08,31.000000,31.620001,30.870001,30.940001,29.700504,2992696
2017-08-09,30.940001,30.940001,30.000000,30.059999,28.855759,3208162
2017-08-10,30.100000,30.280001,29.639999,30.240000,29.028547,2384862
2017-08-11,30.209999,30.799999,29.830000,30.709999,29.479719,3999209
2017-08-14,30.719999,31.129999,30.530001,30.770000,29.537321,1878719
2017-08-15,30.920000,31.200001,30.760000,31.150000,29.902092,1325325
2017-08-16,31.219999,31.590000,30.799999,31.459999,30.199675,2166029
2017-08-17,31.240000,31.700001,30.860001,31.000000,29.758104,1088767
2017-08-18,31.370001,31.370001,30.809999,31.190001,30.089775,1798992
2017-08-21,31.500000,31.799999,31.330000,31.770000,30.649317,2002031
2017-08-22,31.799999,32.320000,31.700001,32.009998,30.880848,3358309
2017-08-23,32.189999,32.209999,31.870001,32.029999,30.900141,2063414
2017-08-24,32.000000,32.299999,32.000000,32.240002,31.102741,1611078
2017-08-25,32.320000,32.430000,31.620001,32.000000,30.871204,1839102
2017-08-28,32.119999,32.119999,30.980000,31.670000,30.552843,1293508
2017-08-29,31.500000,31.980000,31.100000,31.709999,30.591431,1619520
2017-08-30,31.889999,31.930000,31.260000,31.809999,30.687906,4200412
2017-08-31,31.559999,32.130001,31.540001,31.740000,30.620375,2498500
2017-09-01,31.980000,32.000000,31.139999,31.190001,30.089775,1384509
2017-09-04,31.190001,31.559999,31.040001,31.070000,29.974009,38350
2017-09-05,31.139999,31.200001,30.750000,30.879999,29.790710,3143378
2017-09-06,30.950001,31.400000,30.830000,30.900000,29.810007,603162
2017-09-07,30.799999,31.959999,30.799999,31.559999,30.446722,1092295
2017-09-08,31.440001,31.480000,30.850000,31.230000,30.128363,1218441
2017-09-11,31.230000,31.260000,31.010000,31.150000,30.051186,823041
2017-09-12,31.400000,31.559999,31.240000,31.360001,30.253778,432014
2017-09-13,31.200001,31.530001,30.900000,31.020000,29.925772,813906
2017-09-14,30.910000,31.410000,30.910000,31.200001,30.099424,821055
2017-09-15,31.350000,32.169998,31.350000,32.060001,30.929087,6522510
2017-09-18,31.500000,32.180000,31.500000,31.969999,30.842260,670779
2017-09-19,32.040001,32.040001,31.299999,31.680000,30.562490,730561
2017-09-20,31.680000,32.119999,31.629999,32.020000,30.890497,475630
2017-09-21,31.700001,32.480000,31.700001,32.340000,31.199209,1484625
2017-09-22,32.340000,32.360001,31.350000,31.440001,30.330957,1828921
2017-09-25,31.700001,32.490002,31.350000,31.910000,30.784376,1001958
2017-09-26,32.200001,32.200001,31.670000,31.940001,30.813320,1839758
2017-09-27,32.220001,32.220001,31.410000,31.700001,30.581787,3720188
2017-09-28,31.500000,31.620001,30.700001,30.770000,29.684593,2174440
2017-09-29,30.809999,31.070000,30.600000,30.799999,29.713530,2174521
2017-10-02,30.799999,31.049999,30.770000,30.870001,29.781065,1996881
2017-10-03,31.190001,31.280001,30.809999,30.920000,29.829298,1301786
2017-10-04,30.920000,31.270000,30.900000,31.200001,30.099424,1942159
2017-10-05,31.260000,31.520000,31.070000,31.240000,30.138012,814662
2017-10-06,31.469999,31.469999,30.389999,30.530001,29.453056,1799101
2017-10-09,30.559999,30.799999,30.410000,30.490000,29.414469,573444
2017-10-10,30.780001,30.959999,30.650000,30.780001,29.694239,1023119
2017-10-11,30.780001,30.950001,30.440001,30.580000,29.501293,1750766
2017-10-12,30.600000,30.820000,30.250000,30.299999,29.231171,1028223
2017-10-13,30.309999,30.770000,29.299999,29.570000,28.526924,1688411
2017-10-16,29.660000,30.590000,29.250000,29.420000,28.382210,1610379
2017-10-17,29.490000,31.170000,29.080000,30.850000,29.761770,2091913
2017-10-18,30.850000,31.200001,30.080000,31.040001,29.945070,1919144
2017-10-19,31.139999,31.450001,30.500000,31.330000,30.224834,2101335
2017-10-20,31.450001,31.450001,30.549999,30.770000,29.684593,1152236
2017-10-23,30.760000,31.420000,30.549999,30.580000,29.501293,1217556
2017-10-24,31.250000,31.250000,29.450001,30.010000,28.951399,3505597
2017-10-25,30.000000,30.100000,29.500000,29.590000,28.546213,1605071
2017-10-26,29.600000,29.840000,29.160000,29.230000,28.198914,3604141
2017-10-27,29.139999,29.750000,29.010000,29.580000,28.536570,2844409
2017-10-30,29.480000,29.860001,29.299999,29.650000,28.604097,1338095
2017-10-31,29.700001,29.879999,29.520000,29.610001,28.565508,1751588
2017-11-01,29.709999,29.799999,29.299999,29.709999,28.661982,2198137
2017-11-03,29.790001,30.540001,29.750000,30.450001,29.375877,3512163
2017-11-06,30.520000,30.650000,30.049999,30.459999,29.385525,1710767
2017-11-07,30.570000,30.650000,29.830000,29.910000,28.854927,877800
2017-11-08,29.950001,30.340000,29.950001,30.139999,29.076813,1800554
2017-11-09,30.160000,30.170000,29.950001,29.990000,28.932106,1543386
2017-11-10,29.920000,30.200001,29.900000,30.000000,28.941753,1292778
2017-11-13,30.200001,30.209999,29.850000,29.920000,28.864576,980811
2017-11-14,30.120001,30.200001,29.360001,29.450001,28.411152,1946375
2017-11-15,29.700001,29.750000,29.209999,29.330000,28.295385,2406347
2017-11-16,29.260000,29.730000,29.260000,29.469999,28.580318,761939
2017-11-17,29.400000,29.590000,29.080000,29.190001,28.457285,942351
2017-11-21,29.120001,29.889999,29.110001,29.820000,29.071472,2164993
2017-11-22,29.889999,30.299999,29.750000,30.170000,29.412685,1776452
2017-11-23,30.170000,30.200001,29.700001,30.110001,29.354191,281569
2017-11-24,29.920000,30.450001,29.920000,30.240000,29.480927,289899
2017-11-27,30.000000,30.400000,29.010000,29.170000,28.437786,1006563
2017-11-28,29.180000,29.410000,28.709999,28.980000,28.252556,2414562
2017-11-29,28.750000,29.469999,28.420000,28.490000,27.774857,4186518
2017-11-30,28.010000,28.549999,27.620001,28.270000,27.560381,3197298
2017-12-01,28.230000,28.230000,27.610001,28.020000,27.316654,1900587
2017-12-04,27.750000,28.549999,27.700001,28.290001,27.579876,586801
2017-12-05,28.090000,29.000000,28.090000,28.370001,27.657867,727527
2017-12-06,28.590000,28.600000,27.930000,27.959999,27.258158,2273350
2017-12-07,27.820000,28.570000,27.820000,28.370001,27.657867,2611266
2017-12-08,28.440001,28.500000,28.000000,28.379999,27.667614,1561386
2017-12-11,28.030001,28.500000,27.840000,27.879999,27.180168,2127192
2017-12-13,27.850000,28.250000,27.700001,27.820000,27.121674,4537404
2017-12-14,28.270000,28.270000,27.440001,27.549999,26.858452,3968758
2017-12-15,27.940001,27.940001,27.459999,27.530001,26.838951,4788789
2017-12-18,27.950001,28.799999,27.889999,27.990000,27.287405,5024478
2017-12-19,27.930000,28.139999,27.440001,27.540001,26.848703,3500592
2017-12-20,27.540001,27.910000,27.200001,27.430000,26.741465,2435941
2017-12-21,27.799999,27.840000,27.450001,27.500000,26.809706,2632542
2017-12-22,27.430000,27.809999,27.430000,27.620001,26.926697,290039
2017-12-26,27.600000,27.600000,27.200001,27.240000,26.556234,473588
2017-12-27,27.299999,27.750000,27.299999,27.580000,26.887699,1172305
2017-12-28,27.799999,27.799999,27.320000,27.580000,26.887699,512419
2017-12-29,27.559999,27.990000,27.549999,27.610001,26.916946,562548
2018-01-02,27.990000,28.389999,27.559999,28.000000,27.297155,1166665
2018-01-03,28.100000,28.250000,27.719999,27.780001,27.082676,684491
2018-01-04,28.000000,28.040001,27.700001,27.980000,27.277657,2633070
2018-01-05,28.040001,28.350000,27.770000,27.980000,27.277657,797653
2018-01-08,28.330000,28.350000,27.860001,28.059999,27.355650,864457
2018-01-09,28.200001,28.200001,27.719999,27.840000,27.141171,1959206
2018-01-10,27.900000,27.950001,27.510000,27.680000,26.985189,4569149
2018-01-11,27.980000,28.170000,27.510000,27.610001,26.916946,1358483
2018-01-12,27.559999,28.000000,27.350000,27.780001,27.082676,3394011
2018-01-15,27.520000,27.950001,27.520000,27.860001,27.160669,263472
2018-01-16,28.000000,28.799999,28.000000,28.580000,27.862598,5276093
2018-01-17,28.600000,29.980000,28.559999,29.799999,29.051970,1849414
2018-01-18,29.920000,29.980000,29.260000,29.540001,28.798500,3374986
2018-01-19,29.559999,29.559999,28.780001,28.900000,28.174562,4490336
2018-01-22,29.200001,29.379999,28.910000,29.280001,28.545025,2596077
2018-01-23,29.500000,29.670000,29.209999,29.600000,28.856993,1153475
2018-01-24,29.670000,30.000000,29.379999,29.480000,28.740007,2391031
2018-01-25,29.700001,30.740000,29.370001,30.490000,29.724651,5018399
2018-01-26,30.049999,30.290001,29.750000,29.980000,29.227453,2376328
2018-01-29,30.000000,30.360001,29.559999,30.240000,29.480927,1187254
2018-01-30,30.200001,30.299999,29.820000,30.090000,29.334694,525382
2018-01-31,29.900000,30.360001,29.559999,29.770000,29.022724,788462
2018-02-01,29.770000,30.240000,29.500000,29.750000,29.003229,2936670
2018-02-02,29.610001,29.670000,29.059999,29.230000,28.496281,1440168
2018-02-06,28.990000,29.480000,28.330000,28.990000,28.262304,2995904
2018-02-07,28.940001,29.299999,28.610001,29.219999,28.486530,2107732
2018-02-08,29.219999,29.219999,27.799999,28.240000,27.531132,2768879
2018-02-09,28.150000,28.580000,27.900000,28.320000,27.609123,1867829
2018-02-12,28.280001,28.920000,28.049999,28.139999,27.433641,750094
2018-02-13,28.129999,28.980000,28.080000,28.790001,28.067327,845322
2018-02-14,28.930000,29.110001,28.639999,29.020000,28.291552,1154099
2018-02-15,29.100000,29.590000,28.750000,29.020000,28.291552,675803
2018-02-16,28.670000,29.680000,28.670000,28.750000,28.028330,346070
2018-02-19,28.709999,29.670000,28.709999,29.629999,29.041599,357443
2018-02-20,29.590000,29.629999,28.719999,29.120001,28.690651,1375208
2018-02-21,29.120001,29.420000,28.799999,28.950001,28.523159,1031188
2018-02-22,28.850000,29.290001,28.219999,28.520000,28.099497,1466875
2018-02-23,28.559999,28.900000,28.040001,28.219999,27.803919,511025
2018-02-26,28.010000,28.900000,28.010000,28.400000,27.981268,749668
2018-02-27,28.700001,28.700001,28.049999,28.260000,27.843330,1329620
2018-02-28,28.350000,28.350000,27.120001,27.610001,27.202915,3422932
2018-03-01,27.370001,27.870001,27.200001,27.480000,27.074831,2548430
2018-03-02,27.379999,27.559999,27.110001,27.250000,26.848223,1273245
2018-03-05,27.280001,27.280001,26.600000,26.690001,26.296480,1543453
2018-03-06,26.520000,27.309999,26.520000,27.139999,26.739843,1790722
2018-03-07,27.040001,27.270000,26.180000,26.340000,25.951641,2503399
2018-03-08,26.350000,26.750000,25.700001,26.459999,26.069870,16972576
2018-03-09,26.610001,26.900000,26.030001,26.500000,26.109282,1491947
2018-03-12,26.809999,27.440001,26.540001,26.990000,26.592056,1205439
2018-03-13,26.980000,27.059999,26.500000,26.639999,26.247217,1578924
2018-03-14,26.590000,26.690001,25.900000,26.150000,25.764442,2210810
2018-03-15,26.190001,26.450001,26.049999,26.340000,25.951641,1107112
2018-03-16,26.469999,26.469999,26.010000,26.340000,25.951641,3829545
2018-03-20,26.260000,26.260000,25.340000,25.620001,25.242256,3131805
2018-03-21,25.990000,26.000000,25.000000,25.240000,24.867857,2004473
2018-03-22,25.250000,25.709999,25.080000,25.309999,24.936827,1480704
2018-03-23,25.600000,25.650000,25.129999,25.330000,24.956533,2155658
2018-03-26,25.250000,25.540001,24.260000,25.320000,24.946678,2081157
2018-03-27,24.809999,25.490000,24.809999,25.059999,24.690512,2554878
2018-03-28,25.000000,25.090000,24.580000,24.730000,24.365379,2530363
2018-04-02,24.730000,24.790001,23.610001,23.780001,23.429386,1038261
2018-04-03,23.900000,24.490000,23.900000,24.299999,23.941717,1641595
2018-04-04,24.480000,24.500000,23.900000,24.360001,24.000834,1520309
2018-04-05,24.360001,24.980000,24.129999,24.770000,24.404789,860930
2018-04-06,24.650000,24.980000,24.139999,24.209999,23.853045,1699283
2018-04-09,24.240000,24.240000,24.000000,24.030001,23.675699,1961726
2018-04-10,24.049999,24.440001,23.840000,23.889999,23.537762,1094780
2018-04-11,24.340000,24.340000,23.770000,23.969999,23.616583,960526
2018-04-12,24.040001,24.299999,23.870001,24.020000,23.665846,1143819
2018-04-13,24.270000,24.270000,23.850000,23.920000,23.567322,1066422
2018-04-16,24.100000,24.100000,23.620001,23.770000,23.419533,1759552
2018-04-17,23.910000,24.559999,23.600000,24.379999,24.020538,1604744
2018-04-18,24.680000,25.100000,24.420000,24.840000,24.473757,1823943
2018-04-19,24.900000,25.049999,24.360001,24.459999,24.099358,1977570
2018-04-20,24.440001,24.990000,24.219999,24.850000,24.483608,2390456
2018-04-23,24.730000,24.730000,23.690001,23.760000,23.409679,2044254
2018-04-24,24.000000,24.299999,22.129999,24.190001,23.833340,2918225
2018-04-25,24.299999,24.299999,23.600000,24.020000,23.665846,2112972
2018-04-26,23.750000,24.370001,23.610001,24.250000,23.892456,1323946
2018-04-27,24.139999,24.389999,23.820000,24.020000,23.665846,2532556
2018-04-30,24.120001,24.240000,23.590000,23.920000,23.567322,2076343
2018-05-02,23.900000,24.290001,23.860001,24.090000,23.734816,3988066
2018-05-03,24.090000,24.090000,23.160000,23.559999,23.212629,3743749
2018-05-04,23.610001,23.610001,22.549999,22.920000,22.582066,3881660
2018-05-07,23.030001,23.309999,22.620001,22.780001,22.444128,2840527
2018-05-08,22.860001,22.860001,21.850000,22.100000,21.774157,3153751
2018-05-09,22.209999,22.280001,21.500000,21.530001,21.212561,1928943
2018-05-10,21.610001,22.520000,21.559999,21.740000,21.419462,1166028
2018-05-11,21.879999,22.200001,21.020000,21.290001,20.976099,3090789
2018-05-14,21.500000,21.629999,20.120001,20.270000,19.971136,2520366
2018-05-15,20.219999,21.480000,19.010000,21.230000,20.916983,21684920
2018-05-16,21.200001,23.299999,21.010000,23.000000,22.660887,5894830
2018-05-17,23.010000,23.129999,21.910000,22.110001,21.784008,1423676
2018-05-18,22.059999,22.260000,21.309999,21.350000,21.035213,1897014
2018-05-21,21.790001,21.799999,20.520000,20.690001,20.532858,1905659
2018-05-22,20.690001,21.480000,20.510000,21.430000,21.267239,717314
2018-05-23,21.440001,22.830000,20.860001,21.879999,21.713820,7339505
2018-05-24,21.629999,21.969999,21.059999,21.209999,21.048908,959849
2018-05-25,21.240000,22.780001,21.200001,22.650000,22.477972,3243374
2018-05-28,22.650000,22.860001,22.270000,22.670000,22.497820,115952
2018-05-29,22.620001,23.000000,22.120001,22.790001,22.616909,957571
2018-05-30,23.000000,23.969999,22.510000,23.660000,23.480301,4363120
2018-05-31,23.660000,23.770000,21.480000,21.730000,21.564959,89326199
2018-06-01,21.830000,22.000000,21.219999,21.400000,21.237465,3647098
2018-06-04,21.610001,21.760000,20.910000,21.110001,20.949669,2592705
2018-06-05,21.010000,21.330000,20.389999,20.469999,20.314528,5253466
2018-06-06,20.459999,20.840000,19.850000,20.459999,20.304604,5473254
2018-06-07,20.459999,20.780001,20.180000,20.629999,20.473312,2682681
2018-06-08,20.620001,20.950001,20.360001,20.650000,20.493162,2434988
2018-06-11,20.889999,21.190001,20.700001,20.900000,20.741262,2141452
2018-06-12,21.299999,21.650000,20.969999,21.520000,21.356554,2222958
2018-06-13,21.500000,21.500000,20.700001,21.010000,20.850428,6273350
2018-06-14,21.000000,21.270000,20.719999,20.790001,20.632099,3341955
2018-06-15,20.889999,21.059999,20.480000,20.580000,20.423693,4514568
2018-06-18,20.530001,20.549999,20.110001,20.299999,20.145819,1787667
2018-06-19,20.389999,20.440001,19.410000,19.709999,19.560301,3576738
2018-06-20,19.820000,19.920000,19.480000,19.690001,19.540453,4747630
2018-06-21,19.740000,20.240000,19.660000,20.110001,19.957264,3598137
2018-06-22,20.139999,20.320000,20.020000,20.170000,20.016808,2822845
2018-06-25,20.389999,20.389999,19.580000,19.750000,19.599998,2897233
2018-06-26,19.860001,20.070000,19.610001,19.900000,19.748857,3263563
2018-06-27,19.990000,20.469999,19.969999,20.299999,20.145819,1588882
2018-06-28,20.250000,20.290001,19.870001,20.040001,19.887796,2607772
2018-06-29,20.040001,20.670000,19.920000,20.480000,20.324453,4856185
2018-07-02,20.530001,20.600000,20.110001,20.440001,20.284758,833707
2018-07-03,20.629999,21.000000,20.549999,20.940001,20.780960,1277588
2018-07-04,20.950001,21.350000,20.610001,21.309999,21.148149,421369
2018-07-05,21.309999,21.900000,20.860001,21.770000,21.604656,3466069
2018-07-06,21.780001,21.959999,21.240000,21.850000,21.684048,3048692
2018-07-09,21.969999,22.469999,21.790001,22.040001,21.872606,2116623
2018-07-10,22.000000,22.260000,21.780001,21.870001,21.703897,1800574
2018-07-11,21.799999,21.889999,21.270000,21.670000,21.505415,3673810
2018-07-12,21.770000,21.980000,21.010000,21.160000,20.999289,3930374
2018-07-13,21.200001,21.250000,20.600000,20.740000,20.582478,1465916
2018-07-16,20.870001,20.990000,20.610001,20.879999,20.721415,719130
2018-07-17,21.160000,21.160000,20.610001,20.730000,20.572554,1495087
2018-07-18,20.719999,21.000000,20.620001,20.740000,20.582478,1342343
2018-07-19,20.780001,20.809999,20.240000,20.600000,20.443542,925102
2018-07-20,20.650000,20.990000,20.100000,20.150000,19.996960,1009226
2018-07-23,20.290001,20.650000,19.750000,20.370001,20.215290,674650
2018-07-24,20.379999,20.570000,19.799999,20.270000,20.116049,1587291
2018-07-25,20.350000,20.700001,19.920000,20.610001,20.453466,2005611
2018-07-26,20.740000,20.750000,19.750000,19.879999,19.729010,3327456
2018-07-27,19.980000,20.190001,19.600000,19.809999,19.659542,1251676
2018-07-30,19.920000,20.000000,19.600000,19.840000,19.689314,1142271
2018-07-31,19.920000,20.170000,19.600000,19.770000,19.619846,1020417
2018-08-01,19.900000,19.900000,19.490000,19.530001,19.381670,10928954
2018-08-02,19.500000,19.770000,19.309999,19.650000,19.500757,1440509
2018-08-03,19.700001,19.780001,19.370001,19.400000,19.252655,1752808
2018-08-06,19.400000,19.450001,19.100000,19.260000,19.113720,787665
2018-08-07,19.280001,19.629999,19.110001,19.600000,19.451138,2870457
2018-08-08,19.610001,19.620001,19.200001,19.520000,19.371744,1576934
2018-08-09,19.559999,19.559999,19.170000,19.240000,19.093870,1145192
2018-08-10,19.320000,19.490000,19.049999,19.459999,19.312199,767104
2018-08-13,19.400000,19.500000,19.290001,19.309999,19.163340,740504
2018-08-14,19.430000,20.010000,19.270000,19.770000,19.619846,1336023
2018-08-15,19.700001,20.049999,19.270000,19.500000,19.351896,957588
2018-08-16,19.540001,20.170000,19.530001,20.049999,19.897718,810283
2018-08-17,20.100000,20.290001,19.750000,20.250000,20.096199,934530
2018-08-20,20.200001,20.389999,19.860001,20.309999,20.309999,1071873
2018-08-21,20.290001,20.940001,20.290001,20.680000,20.680000,1259099
2018-08-22,20.580000,20.850000,20.379999,20.799999,20.799999,1679722
2018-08-23,20.840000,20.969999,20.420000,20.750000,20.750000,1047372
2018-08-24,20.690001,20.940001,20.440001,20.520000,20.520000,685635
2018-08-27,20.610001,21.260000,20.610001,21.209999,21.209999,675667
2018-08-28,21.180000,21.469999,20.450001,20.500000,20.500000,1171174
2018-08-29,20.420000,20.799999,20.309999,20.610001,20.610001,1072530
2018-08-30,20.549999,20.620001,20.160000,20.270000,20.270000,1963455
2018-08-31,20.299999,20.590000,20.250000,20.330000,20.330000,404262
""
